sequence,confidence,nll,length,method,source,target_idx,peptide,mhc
CASSLTSGGFDEQFF,0.6325935125350952,0.0049212281592190266,15,peptide_match,training_data,0,VVGAVGVGK,A1101
CASSRHRFEYDTQYF,0.6103274822235107,1.899155855178833,15,pattern_based,generated,0,VVGAVGVGK,A1101
CASSYGFWTEAFF,0.726699709892273,0.03806425258517265,13,pattern_based,generated,0,VVGAVGVGK,A1101
CSARQVKNEQFF,0.643669068813324,0.6947435736656189,12,pattern_based,generated,0,VVGAVGVGK,A1101
CASSLTSGGFDEQFF,0.6082358956336975,0.711699366569519,15,pattern_based,generated,0,VVGAVGVGK,A1101
CASSQDDTQYF,0.7157847285270691,0.6870793104171753,11,pattern_based,generated,0,VVGAVGVGK,A1101
CASSKRYDTQYF,0.7469517588615417,1.7512950897216797,12,pattern_based,generated,0,VVGAVGVGK,A1101
CASNKISWVFYEQYF,0.6994479298591614,3.36602783203125,15,pattern_based,generated,0,VVGAVGVGK,A1101
CATSDTMHTEAFF,0.6922309994697571,1.543547511100769,13,pattern_based,generated,0,VVGAVGVGK,A1101
CASSQGQNEQFF,0.7235440611839294,0.1486399918794632,12,pattern_based,generated,0,VVGAVGVGK,A1101
CATSWNEQFF,0.6813988089561462,0.32699790596961975,10,pattern_based,generated,0,VVGAVGVGK,A1101
CASSYKQKYEQYF,0.6878268718719482,0.02610919065773487,13,pattern_based,generated,0,VVGAVGVGK,A1101
CASSKHEKLFF,0.7203590273857117,1.2691987752914429,11,pattern_based,generated,0,VVGAVGVGK,A1101
CASSQYYEQYF,0.7665117383003235,0.7932696342468262,11,pattern_based,generated,0,VVGAVGVGK,A1101
ASSLNNIIMFNEQFF,0.5735812187194824,2.802213430404663,15,pattern_based,generated,0,VVGAVGVGK,A1101
CATSQMDTEAFF,0.7752785682678223,0.5508501529693604,12,pattern_based,generated,0,VVGAVGVGK,A1101
CASSENTIYF,0.7228436470031738,1.259443998336792,10,pattern_based,generated,0,VVGAVGVGK,A1101
CASSFTEYGYTF,0.7165093421936035,1.5492751598358154,12,pattern_based,generated,0,VVGAVGVGK,A1101
CASSKETQYF,0.7139753699302673,0.7788097858428955,10,pattern_based,generated,0,VVGAVGVGK,A1101
CASSQWRYEQYF,0.7383047938346863,1.9993447065353394,12,pattern_based,generated,0,VVGAVGVGK,A1101
CASSLAAGGYFNEQFF,0.7103142738342285,0.3713771402835846,16,peptide_match,training_data,1,VVVGADGVGK,A1101
CASSRRYGYTF,0.7140679359436035,0.10548961907625198,11,pattern_based,generated,1,VVVGADGVGK,A1101
CASSFGEDKYGYTF,0.652437150478363,1.5173667669296265,14,pattern_based,generated,1,VVVGADGVGK,A1101
CASSREEKLFF,0.7572616338729858,2.0220205783843994,11,pattern_based,generated,1,VVVGADGVGK,A1101
CASSFPKVYEDTQYF,0.7215926051139832,1.376861572265625,15,pattern_based,generated,1,VVVGADGVGK,A1101
CASSNTEAFF,0.7239494323730469,0.6406458020210266,10,pattern_based,generated,1,VVVGADGVGK,A1101
CATSYFYEQYF,0.7089917063713074,0.2888961732387543,11,pattern_based,generated,1,VVVGADGVGK,A1101
CASSYPGTQHSPLHF,0.6410964131355286,1.232051968574524,15,pattern_based,generated,1,VVVGADGVGK,A1101
CASSEISQWWYEQYF,0.6028943657875061,3.119800090789795,15,pattern_based,generated,1,VVVGADGVGK,A1101
ASSPYSWETQYF,0.62181156873703,1.7624870538711548,12,pattern_based,generated,1,VVVGADGVGK,A1101
CASSEWETQYF,0.7275102734565735,0.6908985376358032,11,pattern_based,generated,1,VVVGADGVGK,A1101
CASRQFLVRYEQYF,0.6726313233375549,4.379583358764648,14,pattern_based,generated,1,VVVGADGVGK,A1101
CASSFFAKRYEQYF,0.6904671788215637,2.4334120750427246,14,pattern_based,generated,1,VVVGADGVGK,A1101
CASSFWAVTEYEQYF,0.6692150235176086,2.122081756591797,15,pattern_based,generated,1,VVVGADGVGK,A1101
CASSFKWVYNEQFF,0.6657922863960266,2.1196961402893066,14,pattern_based,generated,1,VVVGADGVGK,A1101
CASSHYTEAFF,0.7012487649917603,0.23916155099868774,11,pattern_based,generated,1,VVVGADGVGK,A1101
CASSFLPFGELFF,0.6963045001029968,0.022695273160934448,13,pattern_based,generated,1,VVVGADGVGK,A1101
CASSNVDNEQFF,0.6634332537651062,1.6976490020751953,12,pattern_based,generated,1,VVVGADGVGK,A1101
CASSDDDGEQYF,0.6643549799919128,1.7030526399612427,12,pattern_based,generated,1,VVVGADGVGK,A1101
ASSPFELFGELFF,0.6301535964012146,3.84167742729187,13,pattern_based,generated,1,VVVGADGVGK,A1101
CASSHPPKFHTEAFF,0.6794500350952148,1.3101680278778076,15,pattern_based,generated,2,VVVGAVGVGK,A1101
ASSPWQQFYEQYF,0.563977062702179,1.6551982164382935,13,pattern_based,generated,2,VVVGAVGVGK,A1101
CASSQNEQFF,0.7305997014045715,0.10206957161426544,10,pattern_based,generated,2,VVVGAVGVGK,A1101
CASSKWHPFRYEQYF,0.6660479307174683,2.6068568229675293,15,pattern_based,generated,2,VVVGAVGVGK,A1101
CSARHTPHKGELFF,0.6575400829315186,0.0003971264814026654,14,pattern_based,generated,2,VVVGAVGVGK,A1101
CASSNDKRKNEQFF,0.6277872323989868,2.2789316177368164,14,pattern_based,generated,2,VVVGAVGVGK,A1101
CASSWKYIFETQYF,0.7102177143096924,3.616189956665039,14,pattern_based,generated,2,VVVGAVGVGK,A1101
CASSFLAEQWTDTQY,0.7080865502357483,0.7416601181030273,15,pattern_based,generated,2,VVVGAVGVGK,A1101
CASSWQKVWYEQYF,0.7041462063789368,5.834279537200928,14,pattern_based,generated,2,VVVGAVGVGK,A1101
CASSDNEQFF,0.770797073841095,0.010518351569771767,10,pattern_based,generated,2,VVVGAVGVGK,A1101
ASSLEDKNEQFF,0.669285774230957,2.694187879562378,12,pattern_based,generated,2,VVVGAVGVGK,A1101
CASSDHQTEWDTQYF,0.6850501298904419,2.009293794631958,15,pattern_based,generated,2,VVVGAVGVGK,A1101
CASSEYWKYEQYF,0.7089728116989136,4.60451078414917,13,pattern_based,generated,2,VVVGAVGVGK,A1101
CASIEPEGELFF,0.7298723459243774,1.5138202905654907,12,pattern_based,generated,2,VVVGAVGVGK,A1101
ASSLDDTQYF,0.7718966603279114,5.297098159790039,10,pattern_based,generated,2,VVVGAVGVGK,A1101
CASGQFNEQFF,0.6392734050750732,0.8725579380989075,11,pattern_based,generated,2,VVVGAVGVGK,A1101
CASSRMRDYEQYF,0.6669902801513672,0.878244161605835,13,pattern_based,generated,2,VVVGAVGVGK,A1101
CASSFQYHKYGELFF,0.7158482074737549,5.850922107696533,15,pattern_based,generated,2,VVVGAVGVGK,A1101
CASSFRLYDTQYF,0.7387210726737976,0.006978372577577829,13,pattern_based,generated,2,VVVGAVGVGK,A1101
CASSEIMVEYYGYTF,0.6543021202087402,1.4525076150894165,15,pattern_based,generated,2,VVVGAVGVGK,A1101
CASSLTSGGFDEQFF,0.6255351305007935,0.9460409283638,15,peptide_match,training_data,3,VVGAVGVGK,A0301
CSARDTEAFF,0.7101343274116516,1.8952122926712036,10,pattern_based,generated,3,VVGAVGVGK,A0301
CAWSYYYKDETQYF,0.6802704334259033,0.6164056658744812,14,pattern_based,generated,3,VVGAVGVGK,A0301
CASRNNEGEQFF,0.5919694304466248,2.076810359954834,12,pattern_based,generated,3,VVGAVGVGK,A0301
CASSEHQPQHF,0.7189385294914246,1.2824476957321167,11,pattern_based,generated,3,VVGAVGVGK,A0301
CASSHNEQFF,0.8011597990989685,0.3217575252056122,10,pattern_based,generated,3,VVGAVGVGK,A0301
ASSIDRVNEYYGYTF,0.6109643578529358,1.6248384714126587,15,pattern_based,generated,3,VVGAVGVGK,A0301
CASSQYYYGYTF,0.7605204582214355,2.3030803203582764,12,pattern_based,generated,3,VVGAVGVGK,A0301
CASSQEHHYEQYF,0.7284092903137207,0.07990400493144989,13,pattern_based,generated,3,VVGAVGVGK,A0301
CASSRNDKYQDTQYF,0.6554102897644043,1.3200294971466064,15,pattern_based,generated,3,VVGAVGVGK,A0301
ASSPKPALFGELFF,0.5523961186408997,1.2797821760177612,14,pattern_based,generated,3,VVGAVGVGK,A0301
CASSWQNVRYEQYF,0.635790228843689,1.4035085439682007,14,pattern_based,generated,3,VVGAVGVGK,A0301
CASSQEIMFRDTQYF,0.7107402086257935,2.0157415866851807,15,pattern_based,generated,3,VVGAVGVGK,A0301
CASSFRWMDDYEQYF,0.6680921912193298,1.6394492387771606,15,pattern_based,generated,3,VVGAVGVGK,A0301
CASSFGWHGELFF,0.6622471809387207,2.49369215965271,13,pattern_based,generated,3,VVGAVGVGK,A0301
CATSRPEKAKTEAFF,0.60323166847229,0.0015174552099779248,15,pattern_based,generated,3,VVGAVGVGK,A0301
CASSNMEYGYTF,0.705295741558075,0.4196787476539612,12,pattern_based,generated,3,VVGAVGVGK,A0301
CASSHSQYEQYF,0.7634188532829285,0.9121190905570984,12,pattern_based,generated,3,VVGAVGVGK,A0301
CASSHNQYNEQYF,0.7275344133377075,2.609121084213257,13,pattern_based,generated,3,VVGAVGVGK,A0301
ASSLWSFNYETQYF,0.717300534248352,3.26254940032959,14,pattern_based,generated,3,VVGAVGVGK,A0301
CASSWQYNNEQFF,0.7188082933425903,0.00048411093303002417,13,pattern_based,generated,4,VVVGAVGVGK,A0301
CASNHGRRTNQPQHF,0.6419532299041748,0.9703600406646729,15,pattern_based,generated,4,VVVGAVGVGK,A0301
CASSDGKDGEQFF,0.6293299794197083,1.3655381202697754,13,pattern_based,generated,4,VVVGAVGVGK,A0301
CASSYLAKGELFF,0.7624167799949646,2.2023298740386963,13,pattern_based,generated,4,VVVGAVGVGK,A0301
CASSNMPNQPQHF,0.7516140937805176,2.234036445617676,13,pattern_based,generated,4,VVVGAVGVGK,A0301
CASSKHKRQPQHF,0.6578262448310852,2.1214516162872314,13,pattern_based,generated,4,VVVGAVGVGK,A0301
CASSWRHENTEAFF,0.7076130509376526,2.2533740997314453,14,pattern_based,generated,4,VVVGAVGVGK,A0301
CASSHESPLHF,0.7269458174705505,0.08547556400299072,11,pattern_based,generated,4,VVVGAVGVGK,A0301
CASSETSQYEQYF,0.6545069813728333,1.0613441467285156,13,pattern_based,generated,4,VVVGAVGVGK,A0301
CSASWGSHYTEAFF,0.6297561526298523,1.9053261280059814,14,pattern_based,generated,4,VVVGAVGVGK,A0301
CASSRRYFIRDTQYF,0.7110954523086548,2.1295530796051025,15,pattern_based,generated,4,VVVGAVGVGK,A0301
CASSDNWREKLFF,0.6655714511871338,0.12098395079374313,13,pattern_based,generated,4,VVVGAVGVGK,A0301
CASSFGPYNEQFF,0.704617440700531,1.2170101404190063,13,pattern_based,generated,4,VVVGAVGVGK,A0301
CASSNYEQYF,0.7874811291694641,4.403866767883301,10,pattern_based,generated,4,VVVGAVGVGK,A0301
CASSKMPRGELFF,0.7402553558349609,2.458588123321533,13,pattern_based,generated,4,VVVGAVGVGK,A0301
CASRWSSKETQYF,0.741525411605835,2.168789863586426,13,pattern_based,generated,4,VVVGAVGVGK,A0301
CASNEDWYGYTF,0.6856490969657898,3.7007155418395996,12,pattern_based,generated,4,VVVGAVGVGK,A0301
CATSETTKYEQYF,0.6894023418426514,2.299301862716675,13,pattern_based,generated,4,VVVGAVGVGK,A0301
ASSLKWMRGELFF,0.6214755177497864,0.03198954090476036,13,pattern_based,generated,4,VVVGAVGVGK,A0301
CASSWAEYGYTF,0.6957864761352539,0.6001453399658203,12,pattern_based,generated,4,VVVGAVGVGK,A0301
CASRQINWNTIYF,0.7616671323776245,2.5371108055114746,13,pattern_based,generated,5,SLLQHLIGL,A0201
ASSIWDEQYF,0.5732501745223999,1.3279247283935547,10,pattern_based,generated,5,SLLQHLIGL,A0201
CASSDETQYF,0.7073266506195068,1.6031326055526733,10,pattern_based,generated,5,SLLQHLIGL,A0201
CASSDSPLHF,0.685738742351532,1.387465476989746,10,pattern_based,generated,5,SLLQHLIGL,A0201
CATSRIRYEQYF,0.6501213312149048,0.034647222608327866,12,pattern_based,generated,5,SLLQHLIGL,A0201
CASSQRDTQYF,0.7780452370643616,0.9282582402229309,11,pattern_based,generated,5,SLLQHLIGL,A0201
CASSYDYGYTF,0.742720901966095,1.1286629438400269,11,pattern_based,generated,5,SLLQHLIGL,A0201
CASSWPFVNETQYF,0.7034445405006409,1.57986319065094,14,pattern_based,generated,5,SLLQHLIGL,A0201
CATSYISMGDYGYTF,0.683951735496521,2.1251907348632812,15,pattern_based,generated,5,SLLQHLIGL,A0201
CASSKKQKHYGYTF,0.6565340161323547,0.006099224090576172,14,pattern_based,generated,5,SLLQHLIGL,A0201
CASSNKSGNYEQYF,0.6353176832199097,2.67240309715271,14,pattern_based,generated,5,SLLQHLIGL,A0201
CASSYHYHQPQHF,0.7637826800346375,2.6802735328674316,13,pattern_based,generated,5,SLLQHLIGL,A0201
CASSQVHKETQYF,0.7039489150047302,1.2010706663131714,13,pattern_based,generated,5,SLLQHLIGL,A0201
CASTEEHHQPQHF,0.7421380877494812,2.289074182510376,13,pattern_based,generated,5,SLLQHLIGL,A0201
ASSIEMAHETQYF,0.6526426672935486,1.3866827487945557,13,pattern_based,generated,5,SLLQHLIGL,A0201
CASSYPDGELFF,0.7426521182060242,1.6483254432678223,12,pattern_based,generated,5,SLLQHLIGL,A0201
CSASHDEKDYGYTF,0.6653780341148376,1.7820539474487305,14,pattern_based,generated,5,SLLQHLIGL,A0201
CASSQKNEQYF,0.6879639625549316,3.0528736114501953,11,pattern_based,generated,5,SLLQHLIGL,A0201
CSARRDIRRNTIYF,0.6139571666717529,1.8145824670791626,14,pattern_based,generated,5,SLLQHLIGL,A0201
CASSDEFYGYTF,0.6807777881622314,1.1885120868682861,12,pattern_based,generated,5,SLLQHLIGL,A0201
CASSYYDNEQFF,0.7428215742111206,0.8687777519226074,12,pattern_based,generated,6,SLLQHLIGL,A2402
CASSWSDDTQYF,0.7423505783081055,1.3639112710952759,12,pattern_based,generated,6,SLLQHLIGL,A2402
CSVGYYDTQYF,0.7098636627197266,5.629986763000488,11,pattern_based,generated,6,SLLQHLIGL,A2402
CASSWKEHNEQFF,0.6884599924087524,0.17781348526477814,13,pattern_based,generated,6,SLLQHLIGL,A2402
CASSQLEWYEQYF,0.66338711977005,0.953072190284729,13,pattern_based,generated,6,SLLQHLIGL,A2402
CASSDEDNYEQYF,0.7024042010307312,1.8893322944641113,13,pattern_based,generated,6,SLLQHLIGL,A2402
ASSFDRNVKYGYTF,0.5196759104728699,2.7538375854492188,14,pattern_based,generated,6,SLLQHLIGL,A2402
CATSFNEQFF,0.6090722680091858,0.4768538475036621,10,pattern_based,generated,6,SLLQHLIGL,A2402
CASSFNVYRNVLTF,0.724873423576355,3.1553280353546143,14,pattern_based,generated,6,SLLQHLIGL,A2402
CSVGNQAPYYEQYF,0.6072341799736023,2.3919169902801514,14,pattern_based,generated,6,SLLQHLIGL,A2402
CASSYSPGFYEQYF,0.6693317294120789,2.7322776317596436,14,pattern_based,generated,6,SLLQHLIGL,A2402
CASSQTPDYEQYF,0.7153679132461548,0.003754354314878583,13,pattern_based,generated,6,SLLQHLIGL,A2402
CASSWRQNRTEAFF,0.6992704272270203,2.171604633331299,14,pattern_based,generated,6,SLLQHLIGL,A2402
CASSNRNKYGYTF,0.6487528085708618,0.9230234622955322,13,pattern_based,generated,6,SLLQHLIGL,A2402
CASSESYDKYEQYF,0.6151537895202637,1.5196590423583984,14,pattern_based,generated,6,SLLQHLIGL,A2402
CASSKHNEQFF,0.7504668235778809,0.5284147262573242,11,pattern_based,generated,6,SLLQHLIGL,A2402
CASSESYNEQFF,0.6485398411750793,1.255865454673767,12,pattern_based,generated,6,SLLQHLIGL,A2402
CASSKLWYNEQF,0.6041082739830017,1.017146348953247,12,pattern_based,generated,6,SLLQHLIGL,A2402
CASSQSYTVHQPQHF,0.7359839081764221,1.6483511924743652,15,pattern_based,generated,6,SLLQHLIGL,A2402
CASSENEQFF,0.7067272067070007,1.1867512464523315,10,pattern_based,generated,6,SLLQHLIGL,A2402
CASSWMVRNEQFF,0.663274347782135,1.4118417501449585,13,pattern_based,generated,7,LYVDSLFFL,A2402
CASSFYPYTEAFF,0.7417418956756592,0.088215671479702,13,pattern_based,generated,7,LYVDSLFFL,A2402
CSASHYLMWDTQYF,0.5006681680679321,1.6999043226242065,14,pattern_based,generated,7,LYVDSLFFL,A2402
ASSPKNEQFF,0.6873269081115723,0.38517841696739197,10,pattern_based,generated,7,LYVDSLFFL,A2402
CASSFGELFF,0.7800696492195129,0.2135370671749115,10,pattern_based,generated,7,LYVDSLFFL,A2402
CASSDDKTEAFF,0.6316136121749878,0.45956718921661377,12,pattern_based,generated,7,LYVDSLFFL,A2402
CASSHDSGQNEQFF,0.6731118559837341,2.296748638153076,14,pattern_based,generated,7,LYVDSLFFL,A2402
CASSDHNEQYF,0.7522838711738586,2.1924514770507812,11,pattern_based,generated,7,LYVDSLFFL,A2402
CATSNDQYGYTF,0.6699835658073425,1.5836104154586792,12,pattern_based,generated,7,LYVDSLFFL,A2402
CASSWNAKDRTEAFF,0.6852407455444336,2.440479278564453,15,pattern_based,generated,7,LYVDSLFFL,A2402
CASSQNWFNVLTF,0.6511664390563965,2.7254951000213623,13,pattern_based,generated,7,LYVDSLFFL,A2402
CASSYYHDTQYF,0.7804594039916992,2.582193374633789,12,pattern_based,generated,7,LYVDSLFFL,A2402
CASSHVADHNEQFF,0.6630529761314392,0.54885333776474,14,pattern_based,generated,7,LYVDSLFFL,A2402
CASSFYLYYGYTF,0.7397582530975342,1.6090284585952759,13,pattern_based,generated,7,LYVDSLFFL,A2402
CASSRTATDYGYTF,0.6255186796188354,0.916378378868103,14,pattern_based,generated,7,LYVDSLFFL,A2402
CASSYETQYF,0.7563953399658203,1.159735083580017,10,pattern_based,generated,7,LYVDSLFFL,A2402
ASSQWIRMNTEAFF,0.6449837684631348,3.028510808944702,14,pattern_based,generated,7,LYVDSLFFL,A2402
CSVEWMHGELFF,0.5785737633705139,1.1431529521942139,12,pattern_based,generated,7,LYVDSLFFL,A2402
CASSKQKKGELFF,0.6050769686698914,1.4427858591079712,13,pattern_based,generated,7,LYVDSLFFL,A2402
CASSRSYTWTEAFF,0.6844907999038696,2.4490158557891846,14,pattern_based,generated,7,LYVDSLFFL,A2402
CASSFNEQFF,0.6811095476150513,0.4778498411178589,10,pattern_based,generated,8,ASSYISPEK,A1101
CASSFENEQFF,0.7370427846908569,0.021142926067113876,11,pattern_based,generated,8,ASSYISPEK,A1101
CSVGWFNMGNETQYF,0.6032668352127075,5.186308860778809,15,pattern_based,generated,8,ASSYISPEK,A1101
CASSQYNEQFF,0.7203165292739868,0.06956401467323303,11,pattern_based,generated,8,ASSYISPEK,A1101
CASSKVGHYGYTF,0.656162440776825,1.0123082399368286,13,pattern_based,generated,8,ASSYISPEK,A1101
CATSREFNEQFF,0.5812344551086426,1.3937805891036987,12,pattern_based,generated,8,ASSYISPEK,A1101
CASSFQFGLRNEQFF,0.598537266254425,1.7357981204986572,15,pattern_based,generated,8,ASSYISPEK,A1101
CAISQDTEAFF,0.6031954884529114,0.9693792462348938,11,pattern_based,generated,8,ASSYISPEK,A1101
CASSDKNEQFF,0.6540891528129578,0.033237699419260025,11,pattern_based,generated,8,ASSYISPEK,A1101
CASSEDDEFRNEQFF,0.653924822807312,5.059106349945068,15,pattern_based,generated,8,ASSYISPEK,A1101
CASSEMQNEQFF,0.700653076171875,1.526541829109192,12,pattern_based,generated,8,ASSYISPEK,A1101
CASSKNEQFF,0.654995858669281,2.109447717666626,10,pattern_based,generated,8,ASSYISPEK,A1101
CASSQMADKETQYF,0.6989858150482178,1.0493199825286865,14,pattern_based,generated,8,ASSYISPEK,A1101
CASTFHYNEQF,0.7242127656936646,1.988551378250122,11,pattern_based,generated,8,ASSYISPEK,A1101
ASSSFIQTRYEQYF,0.5275463461875916,2.6592721939086914,14,pattern_based,generated,8,ASSYISPEK,A1101
CASSDNIRKEYEQYF,0.6217019557952881,2.3423781394958496,15,pattern_based,generated,8,ASSYISPEK,A1101
CASSWYDYEQYF,0.6962354183197021,1.9210366010665894,12,pattern_based,generated,8,ASSYISPEK,A1101
CASSHFKYEQYF,0.7352222204208374,2.6513516902923584,12,pattern_based,generated,8,ASSYISPEK,A1101
CASSHWEHGELFF,0.7193485498428345,2.547795057296753,13,pattern_based,generated,8,ASSYISPEK,A1101
CASSQYEQYF,0.7421886324882507,0.5518568158149719,10,pattern_based,generated,8,ASSYISPEK,A1101
CATSEKEGELFF,0.6930888891220093,4.343096733093262,12,pattern_based,generated,9,SALQSLLQH,A1101
CASSNFFVPYYEQYF,0.6597885489463806,1.820746660232544,15,pattern_based,generated,9,SALQSLLQH,A1101
CASSDYSPLHF,0.5802087783813477,1.4926974773406982,11,pattern_based,generated,9,SALQSLLQH,A1101
CASSNWYEQYF,0.7360248565673828,0.0398576520383358,11,pattern_based,generated,9,SALQSLLQH,A1101
CASTQFEKLFF,0.5658022165298462,1.2626954317092896,11,pattern_based,generated,9,SALQSLLQH,A1101
CASSDVIWEWDTQYF,0.6760242581367493,2.281682014465332,15,pattern_based,generated,9,SALQSLLQH,A1101
CASSYQGKYEQYF,0.6492154002189636,1.1667098999023438,13,pattern_based,generated,9,SALQSLLQH,A1101
CASSNKYGYTF,0.6875302791595459,0.1355791985988617,11,pattern_based,generated,9,SALQSLLQH,A1101
CASSRVDQPQHF,0.7014724612236023,0.36848628520965576,12,pattern_based,generated,9,SALQSLLQH,A1101
CASTDLMTRFQPQHF,0.6677758693695068,1.6817916631698608,15,pattern_based,generated,9,SALQSLLQH,A1101
CASSYFWHGEQYF,0.7245733141899109,2.0533430576324463,13,pattern_based,generated,9,SALQSLLQH,A1101
CASSQYGELFF,0.6604639887809753,1.2243808507919312,11,pattern_based,generated,9,SALQSLLQH,A1101
CSVGHFYEQYF,0.6622034311294556,1.661385178565979,11,pattern_based,generated,9,SALQSLLQH,A1101
CAISEDTQYF,0.6719773411750793,0.5982072353363037,10,pattern_based,generated,9,SALQSLLQH,A1101
CASSRHYGYTF,0.6894588470458984,2.4009830951690674,11,pattern_based,generated,9,SALQSLLQH,A1101
CASSEAKNEQFF,0.609709620475769,0.8860571980476379,12,pattern_based,generated,9,SALQSLLQH,A1101
CASSQGEHYEQYF,0.6800954341888428,1.2568542957305908,13,pattern_based,generated,9,SALQSLLQH,A1101
CASSFQQPQHF,0.7707414031028748,1.3451977968215942,11,pattern_based,generated,9,SALQSLLQH,A1101
CAWSREKLFF,0.5426072478294373,1.0043662786483765,10,pattern_based,generated,9,SALQSLLQH,A1101
CASSEYFHNEQFF,0.6804667711257935,0.1992364227771759,13,pattern_based,generated,9,SALQSLLQH,A1101
