construct_id,peptide,mhc,cdr3_sequence,v_gene,j_gene,v_region,j_region,full_sequence,sequence_length,confidence,composite_score,vj_confidence,method,validation
TCR_B_0_01,VVGAVGVGK,A1101,CASSKETQYF,DGGITQSPKYLFRKEGQNVTLSCEQNLNHDAMYWYRQDPGQGLRLIYYSQ...,QETQYFGPGTRLLVL,DGGITQSPKYLFRKEGQNVTLSCEQNLNHDAMYWYRQDPGQGLRLIYYSQIVNDFQKGDIAEGYSVSREKKESFPLTVTSAQKNPTAFYL,GPGTRLLVL,DGGITQSPKYLFRKEGQNVTLSCEQNLNHDAMYWYRQDPGQGLRLIYYSQIVNDFQKGDIAEGYSVSREKKESFPLTVTSAQKNPTAFYLCASSKETQYFGPGTRLLVL,109,0.7139753699302673,0.8294187740615496,1.0,pattern_based,"{'is_valid': True, 'issues': ['Unusual length: 109 AA']}"
TCR_B_0_02,VVGAVGVGK,A1101,CATSQMDTEAFF,DAMVIQNPRYQVTQFGKPVTLSCSQTLNHNVMYWYQQKSSQAPKLLFHYY...,NTEAFFGQGTRLTVV,DAMVIQNPRYQVTQFGKPVTLSCSQTLNHNVMYWYQQKSSQAPKLLFHYYDKDFNNEADTPDNFQSRRPNTSFCFLDIRSPGLGDTAMYL,GQGTRLTVV,DAMVIQNPRYQVTQFGKPVTLSCSQTLNHNVMYWYQQKSSQAPKLLFHYYDKDFNNEADTPDNFQSRRPNTSFCFLDIRSPGLGDTAMYLCATSQMDTEAFFGQGTRLTVV,111,0.7752785682678223,0.8106246999373634,1.0,pattern_based,"{'is_valid': True, 'issues': ['Unusual length: 111 AA']}"
TCR_B_0_03,VVGAVGVGK,A1101,CASSKRYDTQYF,DGGITQSPKYLFRKEGQNVTLSCEQNLNHDAMYWYRQDPGQGLRLIYYSQ...,STDTQYFGPGTRLTVL,DGGITQSPKYLFRKEGQNVTLSCEQNLNHDAMYWYRQDPGQGLRLIYYSQIVNDFQKGDIAEGYSVSREKKESFPLTVTSAQKNPTAFYL,GPGTRLTVL,DGGITQSPKYLFRKEGQNVTLSCEQNLNHDAMYWYRQDPGQGLRLIYYSQIVNDFQKGDIAEGYSVSREKKESFPLTVTSAQKNPTAFYLCASSKRYDTQYFGPGTRLTVL,111,0.7469517588615417,0.7844906440322477,1.0,pattern_based,"{'is_valid': True, 'issues': ['Unusual length: 111 AA']}"
TCR_B_1_01,VVVGADGVGK,A1101,CASSEWETQYF,DGGITQSPKYLFRKEGQNVTLSCEQNLNHDAMYWYRQDPGQGLRLIYYSQ...,QETQYFGPGTRLLVL,DGGITQSPKYLFRKEGQNVTLSCEQNLNHDAMYWYRQDPGQGLRLIYYSQIVNDFQKGDIAEGYSVSREKKESFPLTVTSAQKNPTAFYL,GPGTRLLVL,DGGITQSPKYLFRKEGQNVTLSCEQNLNHDAMYWYRQDPGQGLRLIYYSQIVNDFQKGDIAEGYSVSREKKESFPLTVTSAQKNPTAFYLCASSEWETQYFGPGTRLLVL,110,0.7275102734565735,0.8015678759804329,1.0,pattern_based,"{'is_valid': True, 'issues': ['Unusual length: 110 AA']}"
TCR_B_1_02,VVVGADGVGK,A1101,CASSREEKLFF,DGGITQSPKYLFRKEGQNVTLSCEQNLNHDAMYWYRQDPGQGLRLIYYSQ...,TNEKLFFGSGTQLSVL,DGGITQSPKYLFRKEGQNVTLSCEQNLNHDAMYWYRQDPGQGLRLIYYSQIVNDFQKGDIAEGYSVSREKKESFPLTVTSAQKNPTAFYL,TNEKLFFGSGTQLSVL,DGGITQSPKYLFRKEGQNVTLSCEQNLNHDAMYWYRQDPGQGLRLIYYSQIVNDFQKGDIAEGYSVSREKKESFPLTVTSAQKNPTAFYLCASSREEKLFFTNEKLFFGSGTQLSVL,117,0.7572616338729858,0.7772813857448978,1.0,pattern_based,"{'is_valid': True, 'issues': ['Unusual length: 117 AA']}"
TCR_B_1_03,VVVGADGVGK,A1101,CASSFPKVYEDTQYF,DGGITQSPKYLFRKEGQNVTLSCEQNLNHDAMYWYRQDPGQGLRLIYYSQ...,STDTQYFGPGTRLTVL,DGGITQSPKYLFRKEGQNVTLSCEQNLNHDAMYWYRQDPGQGLRLIYYSQIVNDFQKGDIAEGYSVSREKKESFPLTVTSAQKNPTAFYL,GPGTRLTVL,DGGITQSPKYLFRKEGQNVTLSCEQNLNHDAMYWYRQDPGQGLRLIYYSQIVNDFQKGDIAEGYSVSREKKESFPLTVTSAQKNPTAFYLCASSFPKVYEDTQYFGPGTRLTVL,114,0.7215926051139832,0.7411218469471059,1.0,pattern_based,"{'is_valid': True, 'issues': ['Unusual length: 114 AA']}"
TCR_B_2_01,VVVGAVGVGK,A1101,CASSDNEQFF,DGGITQSPKYLFRKEGQNVTLSCEQNLNHDAMYWYRQDPGQGLRLIYYSQ...,SYNEQFFGPGTRLTVL,DGGITQSPKYLFRKEGQNVTLSCEQNLNHDAMYWYRQDPGQGLRLIYYSQIVNDFQKGDIAEGYSVSREKKESFPLTVTSAQKNPTAFYL,GPGTRLTVL,DGGITQSPKYLFRKEGQNVTLSCEQNLNHDAMYWYRQDPGQGLRLIYYSQIVNDFQKGDIAEGYSVSREKKESFPLTVTSAQKNPTAFYLCASSDNEQFFGPGTRLTVL,109,0.770797073841095,0.8686820533283616,1.0,pattern_based,"{'is_valid': True, 'issues': ['Unusual length: 109 AA']}"
TCR_B_2_02,VVVGAVGVGK,A1101,CASSQNEQFF,DGGITQSPKYLFRKEGQNVTLSCEQNLNHDAMYWYRQDPGQGLRLIYYSQ...,SYNEQFFGPGTRLTVL,DGGITQSPKYLFRKEGQNVTLSCEQNLNHDAMYWYRQDPGQGLRLIYYSQIVNDFQKGDIAEGYSVSREKKESFPLTVTSAQKNPTAFYL,GPGTRLTVL,DGGITQSPKYLFRKEGQNVTLSCEQNLNHDAMYWYRQDPGQGLRLIYYSQIVNDFQKGDIAEGYSVSREKKESFPLTVTSAQKNPTAFYLCASSQNEQFFGPGTRLTVL,109,0.7305997014045715,0.7737982065810975,1.0,pattern_based,"{'is_valid': True, 'issues': ['Unusual length: 109 AA']}"
TCR_B_2_03,VVVGAVGVGK,A1101,ASSLDDTQYF,DGGITQSPKYLFRKEGQNVTLSCEQNLNHDAMYWYRQDPGQGLRLIYYSQ...,STDTQYFGPGTRLTVL,DGGITQSPKYLFRKEGQNVTLSCEQNLNHDAMYWYRQDPGQGLRLIYYSQIVNDFQKGDIAEGYSVSREKKESFPLTVTSAQKNPTAFYL,GPGTRLTVL,DGGITQSPKYLFRKEGQNVTLSCEQNLNHDAMYWYRQDPGQGLRLIYYSQIVNDFQKGDIAEGYSVSREKKESFPLTVTSAQKNPTAFYLASSLDDTQYFGPGTRLTVL,109,0.7718966603279114,0.7456943592907717,0.6799999999999999,pattern_based,"{'is_valid': True, 'issues': ['Unusual length: 109 AA']}"
TCR_B_3_01,VVGAVGVGK,A0301,CASSHNEQFF,DGGITQSPKYLFRKEGQNVTLSCEQNLNHDAMYWYRQDPGQGLRLIYYSQ...,SYNEQFFGPGTRLTVL,DGGITQSPKYLFRKEGQNVTLSCEQNLNHDAMYWYRQDPGQGLRLIYYSQIVNDFQKGDIAEGYSVSREKKESFPLTVTSAQKNPTAFYL,GPGTRLTVL,DGGITQSPKYLFRKEGQNVTLSCEQNLNHDAMYWYRQDPGQGLRLIYYSQIVNDFQKGDIAEGYSVSREKKESFPLTVTSAQKNPTAFYLCASSHNEQFFGPGTRLTVL,109,0.8011597990989685,0.909099452180628,1.0,pattern_based,"{'is_valid': True, 'issues': ['Unusual length: 109 AA']}"
TCR_B_3_02,VVGAVGVGK,A0301,CASSHSQYEQYF,DGGITQSPKYLFRKEGQNVTLSCEQNLNHDAMYWYRQDPGQGLRLIYYSQ...,SYEQYFGPGTRLTVT,DGGITQSPKYLFRKEGQNVTLSCEQNLNHDAMYWYRQDPGQGLRLIYYSQIVNDFQKGDIAEGYSVSREKKESFPLTVTSAQKNPTAFYL,GPGTRLTVT,DGGITQSPKYLFRKEGQNVTLSCEQNLNHDAMYWYRQDPGQGLRLIYYSQIVNDFQKGDIAEGYSVSREKKESFPLTVTSAQKNPTAFYLCASSHSQYEQYFGPGTRLTVT,111,0.7634188532829285,0.7854529338204691,1.0,pattern_based,"{'is_valid': True, 'issues': ['Unusual length: 111 AA']}"
TCR_B_3_03,VVGAVGVGK,A0301,CASSHNQYNEQYF,DGGITQSPKYLFRKEGQNVTLSCEQNLNHDAMYWYRQDPGQGLRLIYYSQ...,SYEQYFGPGTRLTVT,DGGITQSPKYLFRKEGQNVTLSCEQNLNHDAMYWYRQDPGQGLRLIYYSQIVNDFQKGDIAEGYSVSREKKESFPLTVTSAQKNPTAFYL,GPGTRLTVT,DGGITQSPKYLFRKEGQNVTLSCEQNLNHDAMYWYRQDPGQGLRLIYYSQIVNDFQKGDIAEGYSVSREKKESFPLTVTSAQKNPTAFYLCASSHNQYNEQYFGPGTRLTVT,112,0.7275344133377075,0.7663911005173396,1.0,pattern_based,"{'is_valid': True, 'issues': ['Unusual length: 112 AA']}"
TCR_B_4_01,VVVGAVGVGK,A0301,CASSNYEQYF,DGGITQSPKYLFRKEGQNVTLSCEQNLNHDAMYWYRQDPGQGLRLIYYSQ...,SYEQYFGPGTRLTVT,DGGITQSPKYLFRKEGQNVTLSCEQNLNHDAMYWYRQDPGQGLRLIYYSQIVNDFQKGDIAEGYSVSREKKESFPLTVTSAQKNPTAFYL,GPGTRLTVT,DGGITQSPKYLFRKEGQNVTLSCEQNLNHDAMYWYRQDPGQGLRLIYYSQIVNDFQKGDIAEGYSVSREKKESFPLTVTSAQKNPTAFYLCASSNYEQYFGPGTRLTVT,109,0.7874811291694641,0.8664396543102433,1.0,pattern_based,"{'is_valid': True, 'issues': ['Unusual length: 109 AA']}"
TCR_B_4_02,VVVGAVGVGK,A0301,CASRWSSKETQYF,EAQVTQNPRYLITVTGKKLTVTCSQNMNHEYMSWYRQDPGLGLRQIYYSM...,QETQYFGPGTRLLVL,EAQVTQNPRYLITVTGKKLTVTCSQNMNHEYMSWYRQDPGLGLRQIYYSMNVEVTDKGDVPEGYKVSRKEKRNFPLILESPSPNQTSLYF,GPGTRLLVL,EAQVTQNPRYLITVTGKKLTVTCSQNMNHEYMSWYRQDPGLGLRQIYYSMNVEVTDKGDVPEGYKVSRKEKRNFPLILESPSPNQTSLYFCASRWSSKETQYFGPGTRLLVL,112,0.741525411605835,0.8313739941540912,1.0,pattern_based,"{'is_valid': True, 'issues': ['Unusual length: 112 AA']}"
TCR_B_4_03,VVVGAVGVGK,A0301,CASSKMPRGELFF,DGGITQSPKYLFRKEGQNVTLSCEQNLNHDAMYWYRQDPGQGLRLIYYSQ...,NTGELFFGEGSRLTVL,DGGITQSPKYLFRKEGQNVTLSCEQNLNHDAMYWYRQDPGQGLRLIYYSQIVNDFQKGDIAEGYSVSREKKESFPLTVTSAQKNPTAFYL,GEGSRLTVL,DGGITQSPKYLFRKEGQNVTLSCEQNLNHDAMYWYRQDPGQGLRLIYYSQIVNDFQKGDIAEGYSVSREKKESFPLTVTSAQKNPTAFYLCASSKMPRGELFFGEGSRLTVL,112,0.7402553558349609,0.7998718529136727,1.0,pattern_based,"{'is_valid': True, 'issues': ['Unusual length: 112 AA']}"
TCR_B_5_01,SLLQHLIGL,A0201,CASSQRDTQYF,DGGITQSPKYLFRKEGQNVTLSCEQNLNHDAMYWYRQDPGQGLRLIYYSQ...,STDTQYFGPGTRLTVL,DGGITQSPKYLFRKEGQNVTLSCEQNLNHDAMYWYRQDPGQGLRLIYYSQIVNDFQKGDIAEGYSVSREKKESFPLTVTSAQKNPTAFYL,GPGTRLTVL,DGGITQSPKYLFRKEGQNVTLSCEQNLNHDAMYWYRQDPGQGLRLIYYSQIVNDFQKGDIAEGYSVSREKKESFPLTVTSAQKNPTAFYLCASSQRDTQYFGPGTRLTVL,110,0.7780452370643616,0.8277290099223459,1.0,pattern_based,"{'is_valid': True, 'issues': ['Unusual length: 110 AA']}"
TCR_B_5_02,SLLQHLIGL,A0201,CASSDETQYF,DGGITQSPKYLFRKEGQNVTLSCEQNLNHDAMYWYRQDPGQGLRLIYYSQ...,QETQYFGPGTRLLVL,DGGITQSPKYLFRKEGQNVTLSCEQNLNHDAMYWYRQDPGQGLRLIYYSQIVNDFQKGDIAEGYSVSREKKESFPLTVTSAQKNPTAFYL,GPGTRLLVL,DGGITQSPKYLFRKEGQNVTLSCEQNLNHDAMYWYRQDPGQGLRLIYYSQIVNDFQKGDIAEGYSVSREKKESFPLTVTSAQKNPTAFYLCASSDETQYFGPGTRLLVL,109,0.7073266506195068,0.8255683188419514,1.0,pattern_based,"{'is_valid': True, 'issues': ['Unusual length: 109 AA']}"
TCR_B_5_03,SLLQHLIGL,A0201,CASRQINWNTIYF,EAQVTQNPRYLITVTGKKLTVTCSQNMNHEYMSWYRQDPGLGLRQIYYSM...,SGNTIYFGEGSWLTVV,EAQVTQNPRYLITVTGKKLTVTCSQNMNHEYMSWYRQDPGLGLRQIYYSMNVEVTDKGDVPEGYKVSRKEKRNFPLILESPSPNQTSLYF,SGNTIYFGEGSWLTVV,EAQVTQNPRYLITVTGKKLTVTCSQNMNHEYMSWYRQDPGLGLRQIYYSMNVEVTDKGDVPEGYKVSRKEKRNFPLILESPSPNQTSLYFCASRQINWNTIYFSGNTIYFGEGSWLTVV,119,0.7616671323776245,0.8189697908283979,1.0,pattern_based,"{'is_valid': True, 'issues': ['Unusual length: 119 AA']}"
TCR_B_6_01,SLLQHLIGL,A2402,CASSKHNEQFF,DGGITQSPKYLFRKEGQNVTLSCEQNLNHDAMYWYRQDPGQGLRLIYYSQ...,SYNEQFFGPGTRLTVL,DGGITQSPKYLFRKEGQNVTLSCEQNLNHDAMYWYRQDPGQGLRLIYYSQIVNDFQKGDIAEGYSVSREKKESFPLTVTSAQKNPTAFYL,GPGTRLTVL,DGGITQSPKYLFRKEGQNVTLSCEQNLNHDAMYWYRQDPGQGLRLIYYSQIVNDFQKGDIAEGYSVSREKKESFPLTVTSAQKNPTAFYLCASSKHNEQFFGPGTRLTVL,110,0.7504668235778809,0.8410179529230482,1.0,pattern_based,"{'is_valid': True, 'issues': ['Unusual length: 110 AA']}"
TCR_B_6_02,SLLQHLIGL,A2402,CASSYYDNEQFF,DGGITQSPKYLFRKEGQNVTLSCEQNLNHDAMYWYRQDPGQGLRLIYYSQ...,SYNEQFFGPGTRLTVL,DGGITQSPKYLFRKEGQNVTLSCEQNLNHDAMYWYRQDPGQGLRLIYYSQIVNDFQKGDIAEGYSVSREKKESFPLTVTSAQKNPTAFYL,GPGTRLTVL,DGGITQSPKYLFRKEGQNVTLSCEQNLNHDAMYWYRQDPGQGLRLIYYSQIVNDFQKGDIAEGYSVSREKKESFPLTVTSAQKNPTAFYLCASSYYDNEQFFGPGTRLTVL,111,0.7428215742111206,0.7816671601361447,1.0,pattern_based,"{'is_valid': True, 'issues': ['Unusual length: 111 AA']}"
TCR_B_6_03,SLLQHLIGL,A2402,CASSQTPDYEQYF,DGGITQSPKYLFRKEGQNVTLSCEQNLNHDAMYWYRQDPGQGLRLIYYSQ...,SYEQYFGPGTRLTVT,DGGITQSPKYLFRKEGQNVTLSCEQNLNHDAMYWYRQDPGQGLRLIYYSQIVNDFQKGDIAEGYSVSREKKESFPLTVTSAQKNPTAFYL,GPGTRLTVT,DGGITQSPKYLFRKEGQNVTLSCEQNLNHDAMYWYRQDPGQGLRLIYYSQIVNDFQKGDIAEGYSVSREKKESFPLTVTSAQKNPTAFYLCASSQTPDYEQYFGPGTRLTVT,112,0.7153679132461548,0.7787670696015173,1.0,pattern_based,"{'is_valid': True, 'issues': ['Unusual length: 112 AA']}"
TCR_B_7_01,LYVDSLFFL,A2402,CASSDHNEQYF,DGGITQSPKYLFRKEGQNVTLSCEQNLNHDAMYWYRQDPGQGLRLIYYSQ...,SYEQYFGPGTRLTVT,DGGITQSPKYLFRKEGQNVTLSCEQNLNHDAMYWYRQDPGQGLRLIYYSQIVNDFQKGDIAEGYSVSREKKESFPLTVTSAQKNPTAFYL,GPGTRLTVT,DGGITQSPKYLFRKEGQNVTLSCEQNLNHDAMYWYRQDPGQGLRLIYYSQIVNDFQKGDIAEGYSVSREKKESFPLTVTSAQKNPTAFYLCASSDHNEQYFGPGTRLTVT,110,0.7522838711738586,0.8795553440218438,1.0,pattern_based,"{'is_valid': True, 'issues': ['Unusual length: 110 AA']}"
TCR_B_7_02,LYVDSLFFL,A2402,CASSYETQYF,DGGITQSPKYLFRKEGQNVTLSCEQNLNHDAMYWYRQDPGQGLRLIYYSQ...,QETQYFGPGTRLLVL,DGGITQSPKYLFRKEGQNVTLSCEQNLNHDAMYWYRQDPGQGLRLIYYSQIVNDFQKGDIAEGYSVSREKKESFPLTVTSAQKNPTAFYL,GPGTRLLVL,DGGITQSPKYLFRKEGQNVTLSCEQNLNHDAMYWYRQDPGQGLRLIYYSQIVNDFQKGDIAEGYSVSREKKESFPLTVTSAQKNPTAFYLCASSYETQYFGPGTRLLVL,109,0.7563953399658203,0.8006083368678659,1.0,pattern_based,"{'is_valid': True, 'issues': ['Unusual length: 109 AA']}"
TCR_B_7_03,LYVDSLFFL,A2402,CASSWMVRNEQFF,DGGITQSPKYLFRKEGQNVTLSCEQNLNHDAMYWYRQDPGQGLRLIYYSQ...,SYNEQFFGPGTRLTVL,DGGITQSPKYLFRKEGQNVTLSCEQNLNHDAMYWYRQDPGQGLRLIYYSQIVNDFQKGDIAEGYSVSREKKESFPLTVTSAQKNPTAFYL,GPGTRLTVL,DGGITQSPKYLFRKEGQNVTLSCEQNLNHDAMYWYRQDPGQGLRLIYYSQIVNDFQKGDIAEGYSVSREKKESFPLTVTSAQKNPTAFYLCASSWMVRNEQFFGPGTRLTVL,112,0.663274347782135,0.7379940504952809,1.0,pattern_based,"{'is_valid': True, 'issues': ['Unusual length: 112 AA']}"
TCR_B_8_01,ASSYISPEK,A1101,CASSQMADKETQYF,DGGITQSPKYLFRKEGQNVTLSCEQNLNHDAMYWYRQDPGQGLRLIYYSQ...,QETQYFGPGTRLLVL,DGGITQSPKYLFRKEGQNVTLSCEQNLNHDAMYWYRQDPGQGLRLIYYSQIVNDFQKGDIAEGYSVSREKKESFPLTVTSAQKNPTAFYL,GPGTRLLVL,DGGITQSPKYLFRKEGQNVTLSCEQNLNHDAMYWYRQDPGQGLRLIYYSQIVNDFQKGDIAEGYSVSREKKESFPLTVTSAQKNPTAFYLCASSQMADKETQYFGPGTRLLVL,113,0.6989858150482178,0.7854697558365855,1.0,pattern_based,"{'is_valid': True, 'issues': ['Unusual length: 113 AA']}"
TCR_B_8_02,ASSYISPEK,A1101,CASTFHYNEQF,DGGITQSPKYLFRKEGQNVTLSCEQNLNHDAMYWYRQDPGQGLRLIYYSQ...,SYNEQFFGPGTRLTVL,DGGITQSPKYLFRKEGQNVTLSCEQNLNHDAMYWYRQDPGQGLRLIYYSQIVNDFQKGDIAEGYSVSREKKESFPLTVTSAQKNPTAFYL,GPGTRLTVL,DGGITQSPKYLFRKEGQNVTLSCEQNLNHDAMYWYRQDPGQGLRLIYYSQIVNDFQKGDIAEGYSVSREKKESFPLTVTSAQKNPTAFYLCASTFHYNEQFGPGTRLTVL,110,0.7242127656936646,0.7832970170905844,1.0,pattern_based,"{'is_valid': True, 'issues': ['Unusual length: 110 AA']}"
TCR_B_8_03,ASSYISPEK,A1101,CASSHFKYEQYF,DGGITQSPKYLFRKEGQNVTLSCEQNLNHDAMYWYRQDPGQGLRLIYYSQ...,SYEQYFGPGTRLTVT,DGGITQSPKYLFRKEGQNVTLSCEQNLNHDAMYWYRQDPGQGLRLIYYSQIVNDFQKGDIAEGYSVSREKKESFPLTVTSAQKNPTAFYL,GPGTRLTVT,DGGITQSPKYLFRKEGQNVTLSCEQNLNHDAMYWYRQDPGQGLRLIYYSQIVNDFQKGDIAEGYSVSREKKESFPLTVTSAQKNPTAFYLCASSHFKYEQYFGPGTRLTVT,111,0.7352222204208374,0.7715512660405806,1.0,pattern_based,"{'is_valid': True, 'issues': ['Unusual length: 111 AA']}"
TCR_B_9_01,SALQSLLQH,A1101,CASSNWYEQYF,DGGITQSPKYLFRKEGQNVTLSCEQNLNHDAMYWYRQDPGQGLRLIYYSQ...,SYEQYFGPGTRLTVT,DGGITQSPKYLFRKEGQNVTLSCEQNLNHDAMYWYRQDPGQGLRLIYYSQIVNDFQKGDIAEGYSVSREKKESFPLTVTSAQKNPTAFYL,GPGTRLTVT,DGGITQSPKYLFRKEGQNVTLSCEQNLNHDAMYWYRQDPGQGLRLIYYSQIVNDFQKGDIAEGYSVSREKKESFPLTVTSAQKNPTAFYLCASSNWYEQYFGPGTRLTVT,110,0.7360248565673828,0.7906735241640367,1.0,pattern_based,"{'is_valid': True, 'issues': ['Unusual length: 110 AA']}"
TCR_B_9_02,SALQSLLQH,A1101,CASSRVDQPQHF,DGGITQSPKYLFRKEGQNVTLSCEQNLNHDAMYWYRQDPGQGLRLIYYSQ...,SNQPQHFGDGTRLSIL,DGGITQSPKYLFRKEGQNVTLSCEQNLNHDAMYWYRQDPGQGLRLIYYSQIVNDFQKGDIAEGYSVSREKKESFPLTVTSAQKNPTAFYL,SNQPQHFGDGTRLSIL,DGGITQSPKYLFRKEGQNVTLSCEQNLNHDAMYWYRQDPGQGLRLIYYSQIVNDFQKGDIAEGYSVSREKKESFPLTVTSAQKNPTAFYLCASSRVDQPQHFSNQPQHFGDGTRLSIL,118,0.7014724612236023,0.7452517318544024,1.0,pattern_based,"{'is_valid': True, 'issues': ['Unusual length: 118 AA']}"
TCR_B_9_03,SALQSLLQH,A1101,CASSFQQPQHF,DGGITQSPKYLFRKEGQNVTLSCEQNLNHDAMYWYRQDPGQGLRLIYYSQ...,SNQPQHFGDGTRLSIL,DGGITQSPKYLFRKEGQNVTLSCEQNLNHDAMYWYRQDPGQGLRLIYYSQIVNDFQKGDIAEGYSVSREKKESFPLTVTSAQKNPTAFYL,SNQPQHFGDGTRLSIL,DGGITQSPKYLFRKEGQNVTLSCEQNLNHDAMYWYRQDPGQGLRLIYYSQIVNDFQKGDIAEGYSVSREKKESFPLTVTSAQKNPTAFYLCASSFQQPQHFSNQPQHFGDGTRLSIL,117,0.7707414031028748,0.7321364988392008,1.0,pattern_based,"{'is_valid': True, 'issues': ['Unusual length: 117 AA']}"
