construct_id,peptide,mhc,cdr3b_sequence,v_beta,j_beta,beta_full_sequence,beta_length,v_alpha,j_alpha,alpha_notes,confidence,composite_score,vj_confidence,method,rescored_nll,rescored_confidence
TCR_0_01,VVGAVGVGK,A1101,CASSKETQYF,DGGITQSPKYLFRKEGQNVTLSCEQNLNHDAMYWYRQDPGQGLRLIYYSQIVNDFQKGDIAEGYSVSREKKESFPLTVTSAQKNPTAFYLCASSI,QETQYFGPGTRLLVL,,10,QKEVEQNSGPLSVPEGAIASLNCTYSDRGSQSFFWYRQYSGKSPELIMFIYSNGDKEDGRFTAQLNKASQYVSLLIRDSQPSDSATYLCAVN,NYGGSQGNLIFGKGTKLSVKP,CDR3alpha not modeled; V/J mined from training dataset,0.7139753699302673,0.8294187740615496,1.0,pattern_based,0.14291760325431824,0.7136748433113098
TCR_0_02,VVGAVGVGK,A1101,CATSQMDTEAFF,DAMVIQNPRYQVTQFGKPVTLSCSQTLNHNVMYWYQQKSSQAPKLLFHYYDKDFNNEADTPDNFQSRRPNTSFCFLDIRSPGLGDTAMYLCATSR,NTEAFFGQGTRLTVV,,12,QKEVEQNSGPLSVPEGAIASLNCTYSDRGSQSFFWYRQYSGKSPELIMFIYSNGDKEDGRFTAQLNKASQYVSLLIRDSQPSDSATYLCAVN,NYGGSQGNLIFGKGTKLSVKP,CDR3alpha not modeled; V/J mined from training dataset,0.7752785682678223,0.8106246999373634,1.0,pattern_based,0.00017998983094003052,0.7834224104881287
TCR_0_03,VVGAVGVGK,A1101,CASSKRYDTQYF,DGGITQSPKYLFRKEGQNVTLSCEQNLNHDAMYWYRQDPGQGLRLIYYSQIVNDFQKGDIAEGYSVSREKKESFPLTVTSAQKNPTAFYLCASSI,STDTQYFGPGTRLTVL,,12,QKEVEQNSGPLSVPEGAIASLNCTYSDRGSQSFFWYRQYSGKSPELIMFIYSNGDKEDGRFTAQLNKASQYVSLLIRDSQPSDSATYLCAVN,NYGGSQGNLIFGKGTKLSVKP,CDR3alpha not modeled; V/J mined from training dataset,0.7469517588615417,0.7844906440322477,1.0,pattern_based,0.8606031537055969,0.7945834398269653
TCR_0_04,VVGAVGVGK,A1101,CASSQWRYEQYF,DGGITQSPKYLFRKEGQNVTLSCEQNLNHDAMYWYRQDPGQGLRLIYYSQIVNDFQKGDIAEGYSVSREKKESFPLTVTSAQKNPTAFYLCASSI,SYEQYFGPGTRLTVT,,12,QKEVEQNSGPLSVPEGAIASLNCTYSDRGSQSFFWYRQYSGKSPELIMFIYSNGDKEDGRFTAQLNKASQYVSLLIRDSQPSDSATYLCAVN,NYGGSQGNLIFGKGTKLSVKP,CDR3alpha not modeled; V/J mined from training dataset,0.7383047938346863,0.7706546394400621,1.0,pattern_based,2.47524356842041,0.7351932525634766
TCR_0_05,VVGAVGVGK,A1101,CASSENTIYF,DGGITQSPKYLFRKEGQNVTLSCEQNLNHDAMYWYRQDPGQGLRLIYYSQIVNDFQKGDIAEGYSVSREKKESFPLTVTSAQKNPTAFYLCASSI,SGNTIYFGEGSWLTVV,,10,QKEVEQNSGPLSVPEGAIASLNCTYSDRGSQSFFWYRQYSGKSPELIMFIYSNGDKEDGRFTAQLNKASQYVSLLIRDSQPSDSATYLCAVN,NYGGSQGNLIFGKGTKLSVKP,CDR3alpha not modeled; V/J mined from training dataset,0.7228436470031738,0.7667723871138569,1.0,pattern_based,0.06654054671525955,0.8266682028770447
TCR_0_06,VVGAVGVGK,A1101,CATSWNEQFF,DAMVIQNPRYQVTQFGKPVTLSCSQTLNHNVMYWYQQKSSQAPKLLFHYYDKDFNNEADTPDNFQSRRPNTSFCFLDIRSPGLGDTAMYLCATSR,SYNEQFFGPGTRLTVL,,10,QKEVEQNSGPLSVPEGAIASLNCTYSDRGSQSFFWYRQYSGKSPELIMFIYSNGDKEDGRFTAQLNKASQYVSLLIRDSQPSDSATYLCAVN,NYGGSQGNLIFGKGTKLSVKP,CDR3alpha not modeled; V/J mined from training dataset,0.6813988089561462,0.7616030129721233,1.0,pattern_based,0.02286168932914734,0.7188391089439392
TCR_0_07,VVGAVGVGK,A1101,CASSQYYEQYF,DGGITQSPKYLFRKEGQNVTLSCEQNLNHDAMYWYRQDPGQGLRLIYYSQIVNDFQKGDIAEGYSVSREKKESFPLTVTSAQKNPTAFYLCASSI,SYEQYFGPGTRLTVT,,11,QKEVEQNSGPLSVPEGAIASLNCTYSDRGSQSFFWYRQYSGKSPELIMFIYSNGDKEDGRFTAQLNKASQYVSLLIRDSQPSDSATYLCAVN,NYGGSQGNLIFGKGTKLSVKP,CDR3alpha not modeled; V/J mined from training dataset,0.7665117383003235,0.7403861953779978,1.0,pattern_based,0.0064045400358736515,0.756148636341095
TCR_0_08,VVGAVGVGK,A1101,CASNKISWVFYEQYF,DGGITQSPKYLFRKEGQNVTLSCEQNLNHDAMYWYRQDPGQGLRLIYYSQIVNDFQKGDIAEGYSVSREKKESFPLTVTSAQKNPTAFYLCASSI,SYEQYFGPGTRLTVT,,15,QKEVEQNSGPLSVPEGAIASLNCTYSDRGSQSFFWYRQYSGKSPELIMFIYSNGDKEDGRFTAQLNKASQYVSLLIRDSQPSDSATYLCAVN,NYGGSQGNLIFGKGTKLSVKP,CDR3alpha not modeled; V/J mined from training dataset,0.6994479298591614,0.7321925101597551,0.8049999999999999,pattern_based,0.00023529145983047783,0.6744273900985718
TCR_0_09,VVGAVGVGK,A1101,CASSQGQNEQFF,DGGITQSPKYLFRKEGQNVTLSCEQNLNHDAMYWYRQDPGQGLRLIYYSQIVNDFQKGDIAEGYSVSREKKESFPLTVTSAQKNPTAFYLCASSI,SYNEQFFGPGTRLTVL,,12,QKEVEQNSGPLSVPEGAIASLNCTYSDRGSQSFFWYRQYSGKSPELIMFIYSNGDKEDGRFTAQLNKASQYVSLLIRDSQPSDSATYLCAVN,NYGGSQGNLIFGKGTKLSVKP,CDR3alpha not modeled; V/J mined from training dataset,0.7235440611839294,0.7232982941866624,1.0,pattern_based,0.00026008085114881396,0.7149456739425659
TCR_0_10,VVGAVGVGK,A1101,CASSKHEKLFF,DGGITQSPKYLFRKEGQNVTLSCEQNLNHDAMYWYRQDPGQGLRLIYYSQIVNDFQKGDIAEGYSVSREKKESFPLTVTSAQKNPTAFYLCASSI,TNEKLFFGSGTQLSVL,,11,QKEVEQNSGPLSVPEGAIASLNCTYSDRGSQSFFWYRQYSGKSPELIMFIYSNGDKEDGRFTAQLNKASQYVSLLIRDSQPSDSATYLCAVN,NYGGSQGNLIFGKGTKLSVKP,CDR3alpha not modeled; V/J mined from training dataset,0.7203590273857117,0.7231584116898065,1.0,pattern_based,5.2079596519470215,0.8215417861938477
TCR_1_01,VVVGADGVGK,A1101,CASSEWETQYF,DGGITQSPKYLFRKEGQNVTLSCEQNLNHDAMYWYRQDPGQGLRLIYYSQIVNDFQKGDIAEGYSVSREKKESFPLTVTSAQKNPTAFYLCASSI,QETQYFGPGTRLLVL,,11,QKEVEQNSGPLSVPEGAIASLNCTYSDRGSQSFFWYRQYSGKSPELIMFIYSNGDKEDGRFTAQLNKASQYVSLLIRDSQPSDSATYLCAVN,NYGGSQGNLIFGKGTKLSVKP,CDR3alpha not modeled; V/J mined from training dataset,0.7275102734565735,0.8015678759804329,1.0,pattern_based,0.2938433289527893,0.7569770812988281
TCR_1_02,VVVGADGVGK,A1101,CASSREEKLFF,DGGITQSPKYLFRKEGQNVTLSCEQNLNHDAMYWYRQDPGQGLRLIYYSQIVNDFQKGDIAEGYSVSREKKESFPLTVTSAQKNPTAFYLCASSI,TNEKLFFGSGTQLSVL,,11,QKEVEQNSGPLSVPEGAIASLNCTYSDRGSQSFFWYRQYSGKSPELIMFIYSNGDKEDGRFTAQLNKASQYVSLLIRDSQPSDSATYLCAVN,NYGGSQGNLIFGKGTKLSVKP,CDR3alpha not modeled; V/J mined from training dataset,0.7572616338729858,0.7772813857448978,1.0,pattern_based,4.153459072113037,0.7471383213996887
TCR_1_03,VVVGADGVGK,A1101,CASSFPKVYEDTQYF,DGGITQSPKYLFRKEGQNVTLSCEQNLNHDAMYWYRQDPGQGLRLIYYSQIVNDFQKGDIAEGYSVSREKKESFPLTVTSAQKNPTAFYLCASSI,STDTQYFGPGTRLTVL,,15,QKEVEQNSGPLSVPEGAIASLNCTYSDRGSQSFFWYRQYSGKSPELIMFIYSNGDKEDGRFTAQLNKASQYVSLLIRDSQPSDSATYLCAVN,NYGGSQGNLIFGKGTKLSVKP,CDR3alpha not modeled; V/J mined from training dataset,0.7215926051139832,0.7411218469471059,1.0,pattern_based,0.0007217021775431931,0.7437174916267395
TCR_1_04,VVVGADGVGK,A1101,CASSNVDNEQFF,DGGITQSPKYLFRKEGQNVTLSCEQNLNHDAMYWYRQDPGQGLRLIYYSQIVNDFQKGDIAEGYSVSREKKESFPLTVTSAQKNPTAFYLCASSI,SYNEQFFGPGTRLTVL,,12,QKEVEQNSGPLSVPEGAIASLNCTYSDRGSQSFFWYRQYSGKSPELIMFIYSNGDKEDGRFTAQLNKASQYVSLLIRDSQPSDSATYLCAVN,NYGGSQGNLIFGKGTKLSVKP,CDR3alpha not modeled; V/J mined from training dataset,0.6634332537651062,0.7167415991082902,1.0,pattern_based,4.298905372619629,0.7171076536178589
TCR_1_05,VVVGADGVGK,A1101,CASSRRYGYTF,DGGITQSPKYLFRKEGQNVTLSCEQNLNHDAMYWYRQDPGQGLRLIYYSQIVNDFQKGDIAEGYSVSREKKESFPLTVTSAQKNPTAFYLCASSI,NYGYTFGSGTRLTVV,,11,QKEVEQNSGPLSVPEGAIASLNCTYSDRGSQSFFWYRQYSGKSPELIMFIYSNGDKEDGRFTAQLNKASQYVSLLIRDSQPSDSATYLCAVN,NYGGSQGNLIFGKGTKLSVKP,CDR3alpha not modeled; V/J mined from training dataset,0.7140679359436035,0.7142126256206265,1.0,pattern_based,0.012252657674252987,0.6897538304328918
TCR_1_06,VVVGADGVGK,A1101,CASSNTEAFF,DGGITQSPKYLFRKEGQNVTLSCEQNLNHDAMYWYRQDPGQGLRLIYYSQIVNDFQKGDIAEGYSVSREKKESFPLTVTSAQKNPTAFYLCASSI,NTEAFFGQGTRLTVV,,10,QKEVEQNSGPLSVPEGAIASLNCTYSDRGSQSFFWYRQYSGKSPELIMFIYSNGDKEDGRFTAQLNKASQYVSLLIRDSQPSDSATYLCAVN,NYGGSQGNLIFGKGTKLSVKP,CDR3alpha not modeled; V/J mined from training dataset,0.7239494323730469,0.6904942777894814,1.0,pattern_based,2.0445334911346436,0.7611448168754578
TCR_1_07,VVVGADGVGK,A1101,CASSDDDGEQYF,DGGITQSPKYLFRKEGQNVTLSCEQNLNHDAMYWYRQDPGQGLRLIYYSQIVNDFQKGDIAEGYSVSREKKESFPLTVTSAQKNPTAFYLCASSI,SYEQYFGPGTRLTVT,,12,QKEVEQNSGPLSVPEGAIASLNCTYSDRGSQSFFWYRQYSGKSPELIMFIYSNGDKEDGRFTAQLNKASQYVSLLIRDSQPSDSATYLCAVN,NYGGSQGNLIFGKGTKLSVKP,CDR3alpha not modeled; V/J mined from training dataset,0.6643549799919128,0.6814580426774451,1.0,pattern_based,0.07686891406774521,0.7047247290611267
TCR_1_08,VVVGADGVGK,A1101,CASSFKWVYNEQFF,DGGITQSPKYLFRKEGQNVTLSCEQNLNHDAMYWYRQDPGQGLRLIYYSQIVNDFQKGDIAEGYSVSREKKESFPLTVTSAQKNPTAFYLCASSI,SYNEQFFGPGTRLTVL,,14,QKEVEQNSGPLSVPEGAIASLNCTYSDRGSQSFFWYRQYSGKSPELIMFIYSNGDKEDGRFTAQLNKASQYVSLLIRDSQPSDSATYLCAVN,NYGGSQGNLIFGKGTKLSVKP,CDR3alpha not modeled; V/J mined from training dataset,0.6657922863960266,0.6756625754628197,1.0,pattern_based,0.8584632873535156,0.6919244527816772
TCR_1_09,VVVGADGVGK,A1101,CASSLAAGGYFNEQFF,DGGITQSPKYLFRKEGQNVTLSCEQNLNHDAMYWYRQDPGQGLRLIYYSQIVNDFQKGDIAEGYSVSREKKESFPLTVTSAQKNPTAFYLCASSI,SYNEQFFGPGTRLTVL,,16,QKEVEQNSGPLSVPEGAIASLNCTYSDRGSQSFFWYRQYSGKSPELIMFIYSNGDKEDGRFTAQLNKASQYVSLLIRDSQPSDSATYLCAVN,NYGGSQGNLIFGKGTKLSVKP,CDR3alpha not modeled; V/J mined from training dataset,0.7103142738342285,0.6738947054082762,1.0,peptide_match,1.1925607919692993,0.6623406410217285
TCR_1_10,VVVGADGVGK,A1101,CASSFFAKRYEQYF,DGGITQSPKYLFRKEGQNVTLSCEQNLNHDAMYWYRQDPGQGLRLIYYSQIVNDFQKGDIAEGYSVSREKKESFPLTVTSAQKNPTAFYLCASSI,SYEQYFGPGTRLTVT,,14,QKEVEQNSGPLSVPEGAIASLNCTYSDRGSQSFFWYRQYSGKSPELIMFIYSNGDKEDGRFTAQLNKASQYVSLLIRDSQPSDSATYLCAVN,NYGGSQGNLIFGKGTKLSVKP,CDR3alpha not modeled; V/J mined from training dataset,0.6904671788215637,0.6569374048238225,1.0,pattern_based,0.8976064920425415,0.7053996920585632
TCR_2_01,VVVGAVGVGK,A1101,CASSDNEQFF,DGGITQSPKYLFRKEGQNVTLSCEQNLNHDAMYWYRQDPGQGLRLIYYSQIVNDFQKGDIAEGYSVSREKKESFPLTVTSAQKNPTAFYLCASSI,SYNEQFFGPGTRLTVL,,10,QKEVEQNSGPLSVPEGAIASLNCTYSDRGSQSFFWYRQYSGKSPELIMFIYSNGDKEDGRFTAQLNKASQYVSLLIRDSQPSDSATYLCAVN,NYGGSQGNLIFGKGTKLSVKP,CDR3alpha not modeled; V/J mined from training dataset,0.770797073841095,0.8686820533283616,1.0,pattern_based,0.7047246098518372,0.7191349864006042
TCR_2_02,VVVGAVGVGK,A1101,CASSQNEQFF,DGGITQSPKYLFRKEGQNVTLSCEQNLNHDAMYWYRQDPGQGLRLIYYSQIVNDFQKGDIAEGYSVSREKKESFPLTVTSAQKNPTAFYLCASSI,SYNEQFFGPGTRLTVL,,10,QKEVEQNSGPLSVPEGAIASLNCTYSDRGSQSFFWYRQYSGKSPELIMFIYSNGDKEDGRFTAQLNKASQYVSLLIRDSQPSDSATYLCAVN,NYGGSQGNLIFGKGTKLSVKP,CDR3alpha not modeled; V/J mined from training dataset,0.7305997014045715,0.7737982065810975,1.0,pattern_based,1.2514644861221313,0.7741361856460571
TCR_2_03,VVVGAVGVGK,A1101,ASSLDDTQYF,DGGITQSPKYLFRKEGQNVTLSCEQNLNHDAMYWYRQDPGQGLRLIYYSQIVNDFQKGDIAEGYSVSREKKESFPLTVTSAQKNPTAFYLCASSI,STDTQYFGPGTRLTVL,,10,QKEVEQNSGPLSVPEGAIASLNCTYSDRGSQSFFWYRQYSGKSPELIMFIYSNGDKEDGRFTAQLNKASQYVSLLIRDSQPSDSATYLCAVN,NYGGSQGNLIFGKGTKLSVKP,CDR3alpha not modeled; V/J mined from training dataset,0.7718966603279114,0.7456943592907717,0.6799999999999999,pattern_based,2.149585247039795,0.7551854252815247
TCR_2_04,VVVGAVGVGK,A1101,CASIEPEGELFF,DGGITQSPKYLFRKEGQNVTLSCEQNLNHDAMYWYRQDPGQGLRLIYYSQIVNDFQKGDIAEGYSVSREKKESFPLTVTSAQKNPTAFYLCASSI,NTGELFFGEGSRLTVL,,12,QKEVEQNSGPLSVPEGAIASLNCTYSDRGSQSFFWYRQYSGKSPELIMFIYSNGDKEDGRFTAQLNKASQYVSLLIRDSQPSDSATYLCAVN,NYGGSQGNLIFGKGTKLSVKP,CDR3alpha not modeled; V/J mined from training dataset,0.7298723459243774,0.7431230182628872,0.72,pattern_based,0.00889966543763876,0.7662345170974731
TCR_2_05,VVVGAVGVGK,A1101,CASSFRLYDTQYF,DGGITQSPKYLFRKEGQNVTLSCEQNLNHDAMYWYRQDPGQGLRLIYYSQIVNDFQKGDIAEGYSVSREKKESFPLTVTSAQKNPTAFYLCASSI,STDTQYFGPGTRLTVL,,13,QKEVEQNSGPLSVPEGAIASLNCTYSDRGSQSFFWYRQYSGKSPELIMFIYSNGDKEDGRFTAQLNKASQYVSLLIRDSQPSDSATYLCAVN,NYGGSQGNLIFGKGTKLSVKP,CDR3alpha not modeled; V/J mined from training dataset,0.7387210726737976,0.7316405055666857,1.0,pattern_based,1.7857474088668823,0.7877374887466431
TCR_2_06,VVVGAVGVGK,A1101,CASSWKYIFETQYF,DGGITQSPKYLFRKEGQNVTLSCEQNLNHDAMYWYRQDPGQGLRLIYYSQIVNDFQKGDIAEGYSVSREKKESFPLTVTSAQKNPTAFYLCASSI,QETQYFGPGTRLLVL,,14,QKEVEQNSGPLSVPEGAIASLNCTYSDRGSQSFFWYRQYSGKSPELIMFIYSNGDKEDGRFTAQLNKASQYVSLLIRDSQPSDSATYLCAVN,NYGGSQGNLIFGKGTKLSVKP,CDR3alpha not modeled; V/J mined from training dataset,0.7102177143096924,0.7305599463610456,1.0,pattern_based,0.6797000169754028,0.6908274292945862
TCR_2_07,VVVGAVGVGK,A1101,CASSFLAEQWTDTQY,DGGITQSPKYLFRKEGQNVTLSCEQNLNHDAMYWYRQDPGQGLRLIYYSQIVNDFQKGDIAEGYSVSREKKESFPLTVTSAQKNPTAFYLCASSI,STDTQYFGPGTRLTVL,,15,QKEVEQNSGPLSVPEGAIASLNCTYSDRGSQSFFWYRQYSGKSPELIMFIYSNGDKEDGRFTAQLNKASQYVSLLIRDSQPSDSATYLCAVN,NYGGSQGNLIFGKGTKLSVKP,CDR3alpha not modeled; V/J mined from training dataset,0.7080865502357483,0.7159907596234336,1.0,pattern_based,3.1774845123291016,0.6586419939994812
TCR_2_08,VVVGAVGVGK,A1101,CASSRMRDYEQYF,DGGITQSPKYLFRKEGQNVTLSCEQNLNHDAMYWYRQDPGQGLRLIYYSQIVNDFQKGDIAEGYSVSREKKESFPLTVTSAQKNPTAFYLCASSI,SYEQYFGPGTRLTVT,,13,QKEVEQNSGPLSVPEGAIASLNCTYSDRGSQSFFWYRQYSGKSPELIMFIYSNGDKEDGRFTAQLNKASQYVSLLIRDSQPSDSATYLCAVN,NYGGSQGNLIFGKGTKLSVKP,CDR3alpha not modeled; V/J mined from training dataset,0.6669902801513672,0.7143690922884108,1.0,pattern_based,0.0038409284316003323,0.6721254587173462
TCR_2_09,VVVGAVGVGK,A1101,CASSWQKVWYEQYF,DGGITQSPKYLFRKEGQNVTLSCEQNLNHDAMYWYRQDPGQGLRLIYYSQIVNDFQKGDIAEGYSVSREKKESFPLTVTSAQKNPTAFYLCASSI,SYEQYFGPGTRLTVT,,14,QKEVEQNSGPLSVPEGAIASLNCTYSDRGSQSFFWYRQYSGKSPELIMFIYSNGDKEDGRFTAQLNKASQYVSLLIRDSQPSDSATYLCAVN,NYGGSQGNLIFGKGTKLSVKP,CDR3alpha not modeled; V/J mined from training dataset,0.7041462063789368,0.7106644817601833,1.0,pattern_based,2.5069375038146973,0.7088921666145325
TCR_2_10,VVVGAVGVGK,A1101,CASSKWHPFRYEQYF,DGGITQSPKYLFRKEGQNVTLSCEQNLNHDAMYWYRQDPGQGLRLIYYSQIVNDFQKGDIAEGYSVSREKKESFPLTVTSAQKNPTAFYLCASSI,SYEQYFGPGTRLTVT,,15,QKEVEQNSGPLSVPEGAIASLNCTYSDRGSQSFFWYRQYSGKSPELIMFIYSNGDKEDGRFTAQLNKASQYVSLLIRDSQPSDSATYLCAVN,NYGGSQGNLIFGKGTKLSVKP,CDR3alpha not modeled; V/J mined from training dataset,0.6660479307174683,0.7008825086820692,1.0,pattern_based,0.018587572500109673,0.6707090139389038
TCR_3_01,VVGAVGVGK,A0301,CASSHNEQFF,DGGITQSPKYLFRKEGQNVTLSCEQNLNHDAMYWYRQDPGQGLRLIYYSQIVNDFQKGDIAEGYSVSREKKESFPLTVTSAQKNPTAFYLCASSI,SYNEQFFGPGTRLTVL,,10,QKEVEQNSGPLSVPEGAIASLNCTYSDRGSQSFFWYRQYSGKSPELIMFIYSNGDKEDGRFTAQLNKASQYVSLLIRDSQPSDSATYLCAVN,NYGGSQGNLIFGKGTKLSVKP,CDR3alpha not modeled; V/J mined from training dataset,0.8011597990989685,0.909099452180628,1.0,pattern_based,2.2501437664031982,0.7890709638595581
TCR_3_02,VVGAVGVGK,A0301,CASSHSQYEQYF,DGGITQSPKYLFRKEGQNVTLSCEQNLNHDAMYWYRQDPGQGLRLIYYSQIVNDFQKGDIAEGYSVSREKKESFPLTVTSAQKNPTAFYLCASSI,SYEQYFGPGTRLTVT,,12,QKEVEQNSGPLSVPEGAIASLNCTYSDRGSQSFFWYRQYSGKSPELIMFIYSNGDKEDGRFTAQLNKASQYVSLLIRDSQPSDSATYLCAVN,NYGGSQGNLIFGKGTKLSVKP,CDR3alpha not modeled; V/J mined from training dataset,0.7634188532829285,0.7854529338204691,1.0,pattern_based,1.5654480457305908,0.7773547172546387
TCR_3_03,VVGAVGVGK,A0301,CASSHNQYNEQYF,DGGITQSPKYLFRKEGQNVTLSCEQNLNHDAMYWYRQDPGQGLRLIYYSQIVNDFQKGDIAEGYSVSREKKESFPLTVTSAQKNPTAFYLCASSI,SYEQYFGPGTRLTVT,,13,QKEVEQNSGPLSVPEGAIASLNCTYSDRGSQSFFWYRQYSGKSPELIMFIYSNGDKEDGRFTAQLNKASQYVSLLIRDSQPSDSATYLCAVN,NYGGSQGNLIFGKGTKLSVKP,CDR3alpha not modeled; V/J mined from training dataset,0.7275344133377075,0.7663911005173396,1.0,pattern_based,0.9861944317817688,0.7625641822814941
TCR_3_04,VVGAVGVGK,A0301,CASSNMEYGYTF,DGGITQSPKYLFRKEGQNVTLSCEQNLNHDAMYWYRQDPGQGLRLIYYSQIVNDFQKGDIAEGYSVSREKKESFPLTVTSAQKNPTAFYLCASSI,NYGYTFGSGTRLTVV,,12,QKEVEQNSGPLSVPEGAIASLNCTYSDRGSQSFFWYRQYSGKSPELIMFIYSNGDKEDGRFTAQLNKASQYVSLLIRDSQPSDSATYLCAVN,NYGGSQGNLIFGKGTKLSVKP,CDR3alpha not modeled; V/J mined from training dataset,0.705295741558075,0.7432878071288077,1.0,pattern_based,1.110587477684021,0.6719760894775391
TCR_3_05,VVGAVGVGK,A0301,CASSQEIMFRDTQYF,DGGITQSPKYLFRKEGQNVTLSCEQNLNHDAMYWYRQDPGQGLRLIYYSQIVNDFQKGDIAEGYSVSREKKESFPLTVTSAQKNPTAFYLCASSI,STDTQYFGPGTRLTVL,,15,QKEVEQNSGPLSVPEGAIASLNCTYSDRGSQSFFWYRQYSGKSPELIMFIYSNGDKEDGRFTAQLNKASQYVSLLIRDSQPSDSATYLCAVN,NYGGSQGNLIFGKGTKLSVKP,CDR3alpha not modeled; V/J mined from training dataset,0.7107402086257935,0.742976599382733,1.0,pattern_based,2.0535264015197754,0.7293209433555603
TCR_3_06,VVGAVGVGK,A0301,CASSQEHHYEQYF,DGGITQSPKYLFRKEGQNVTLSCEQNLNHDAMYWYRQDPGQGLRLIYYSQIVNDFQKGDIAEGYSVSREKKESFPLTVTSAQKNPTAFYLCASSI,SYEQYFGPGTRLTVT,,13,QKEVEQNSGPLSVPEGAIASLNCTYSDRGSQSFFWYRQYSGKSPELIMFIYSNGDKEDGRFTAQLNKASQYVSLLIRDSQPSDSATYLCAVN,NYGGSQGNLIFGKGTKLSVKP,CDR3alpha not modeled; V/J mined from training dataset,0.7284092903137207,0.7389842660785482,1.0,pattern_based,1.5749945640563965,0.7455171942710876
TCR_3_07,VVGAVGVGK,A0301,CASSEHQPQHF,DGGITQSPKYLFRKEGQNVTLSCEQNLNHDAMYWYRQDPGQGLRLIYYSQIVNDFQKGDIAEGYSVSREKKESFPLTVTSAQKNPTAFYLCASSI,SNQPQHFGDGTRLSIL,,11,QKEVEQNSGPLSVPEGAIASLNCTYSDRGSQSFFWYRQYSGKSPELIMFIYSNGDKEDGRFTAQLNKASQYVSLLIRDSQPSDSATYLCAVN,NYGGSQGNLIFGKGTKLSVKP,CDR3alpha not modeled; V/J mined from training dataset,0.7189385294914246,0.6907018250149982,1.0,pattern_based,0.0003301552205812186,0.8278203010559082
TCR_3_08,VVGAVGVGK,A0301,CSARDTEAFF,GAVVSQHPSWVICKSGTSVKIECRSLDFQATTMFWYRQFPKQSLMLMATSNEGSKATYEQGVEKDKFLINHASLTLSTLTVTSAHPEDSSFYICSAR,NTEAFFGQGTRLTVV,,10,QKEVEQNSGPLSVPEGAIASLNCTYSDRGSQSFFWYRQYSGKSPELIMFIYSNGDKEDGRFTAQLNKASQYVSLLIRDSQPSDSATYLCAVN,NYGGSQGNLIFGKGTKLSVKP,CDR3alpha not modeled; V/J mined from training dataset,0.7101343274116516,0.6879307242862854,1.0,pattern_based,0.016848638653755188,0.7871008515357971
TCR_3_09,VVGAVGVGK,A0301,CASSFRWMDDYEQYF,DGGITQSPKYLFRKEGQNVTLSCEQNLNHDAMYWYRQDPGQGLRLIYYSQIVNDFQKGDIAEGYSVSREKKESFPLTVTSAQKNPTAFYLCASSI,SYEQYFGPGTRLTVT,,15,QKEVEQNSGPLSVPEGAIASLNCTYSDRGSQSFFWYRQYSGKSPELIMFIYSNGDKEDGRFTAQLNKASQYVSLLIRDSQPSDSATYLCAVN,NYGGSQGNLIFGKGTKLSVKP,CDR3alpha not modeled; V/J mined from training dataset,0.6680921912193298,0.6719998422750868,1.0,pattern_based,0.9889103770256042,0.6802449822425842
TCR_3_10,VVGAVGVGK,A0301,CASSWQNVRYEQYF,DGGITQSPKYLFRKEGQNVTLSCEQNLNHDAMYWYRQDPGQGLRLIYYSQIVNDFQKGDIAEGYSVSREKKESFPLTVTSAQKNPTAFYLCASSI,SYEQYFGPGTRLTVT,,14,QKEVEQNSGPLSVPEGAIASLNCTYSDRGSQSFFWYRQYSGKSPELIMFIYSNGDKEDGRFTAQLNKASQYVSLLIRDSQPSDSATYLCAVN,NYGGSQGNLIFGKGTKLSVKP,CDR3alpha not modeled; V/J mined from training dataset,0.635790228843689,0.6629231870423543,1.0,pattern_based,0.34680938720703125,0.6841714382171631
TCR_4_01,VVVGAVGVGK,A0301,CASSNYEQYF,DGGITQSPKYLFRKEGQNVTLSCEQNLNHDAMYWYRQDPGQGLRLIYYSQIVNDFQKGDIAEGYSVSREKKESFPLTVTSAQKNPTAFYLCASSI,SYEQYFGPGTRLTVT,,10,QKEVEQNSGPLSVPEGAIASLNCTYSDRGSQSFFWYRQYSGKSPELIMFIYSNGDKEDGRFTAQLNKASQYVSLLIRDSQPSDSATYLCAVN,NYGGSQGNLIFGKGTKLSVKP,CDR3alpha not modeled; V/J mined from training dataset,0.7874811291694641,0.8664396543102433,1.0,pattern_based,0.23588386178016663,0.7923126220703125
TCR_4_02,VVVGAVGVGK,A0301,CASRWSSKETQYF,EAQVTQNPRYLITVTGKKLTVTCSQNMNHEYMSWYRQDPGLGLRQIYYSMNVEVTDKGDVPEGYKVSRKEKRNFPLILESPSPNQTSLYFCASSL,QETQYFGPGTRLLVL,,13,QKEVEQNSGPLSVPEGAIASLNCTYSDRGSQSFFWYRQYSGKSPELIMFIYSNGDKEDGRFTAQLNKASQYVSLLIRDSQPSDSATYLCAVN,NYGGSQGNLIFGKGTKLSVKP,CDR3alpha not modeled; V/J mined from training dataset,0.741525411605835,0.8313739941540912,1.0,pattern_based,0.011304212734103203,0.7560535669326782
TCR_4_03,VVVGAVGVGK,A0301,CASSKMPRGELFF,DGGITQSPKYLFRKEGQNVTLSCEQNLNHDAMYWYRQDPGQGLRLIYYSQIVNDFQKGDIAEGYSVSREKKESFPLTVTSAQKNPTAFYLCASSI,NTGELFFGEGSRLTVL,,13,QKEVEQNSGPLSVPEGAIASLNCTYSDRGSQSFFWYRQYSGKSPELIMFIYSNGDKEDGRFTAQLNKASQYVSLLIRDSQPSDSATYLCAVN,NYGGSQGNLIFGKGTKLSVKP,CDR3alpha not modeled; V/J mined from training dataset,0.7402553558349609,0.7998718529136727,1.0,pattern_based,1.182927131652832,0.7527448534965515
TCR_4_04,VVVGAVGVGK,A0301,CASNEDWYGYTF,DGGITQSPKYLFRKEGQNVTLSCEQNLNHDAMYWYRQDPGQGLRLIYYSQIVNDFQKGDIAEGYSVSREKKESFPLTVTSAQKNPTAFYLCASSI,NYGYTFGSGTRLTVV,,12,QKEVEQNSGPLSVPEGAIASLNCTYSDRGSQSFFWYRQYSGKSPELIMFIYSNGDKEDGRFTAQLNKASQYVSLLIRDSQPSDSATYLCAVN,NYGGSQGNLIFGKGTKLSVKP,CDR3alpha not modeled; V/J mined from training dataset,0.6856490969657898,0.7694607200441161,0.8049999999999999,pattern_based,1.7295069694519043,0.6415770053863525
TCR_4_05,VVVGAVGVGK,A0301,CASSNMPNQPQHF,DGGITQSPKYLFRKEGQNVTLSCEQNLNHDAMYWYRQDPGQGLRLIYYSQIVNDFQKGDIAEGYSVSREKKESFPLTVTSAQKNPTAFYLCASSI,SNQPQHFGDGTRLSIL,,13,QKEVEQNSGPLSVPEGAIASLNCTYSDRGSQSFFWYRQYSGKSPELIMFIYSNGDKEDGRFTAQLNKASQYVSLLIRDSQPSDSATYLCAVN,NYGGSQGNLIFGKGTKLSVKP,CDR3alpha not modeled; V/J mined from training dataset,0.7516140937805176,0.7522065679288382,1.0,pattern_based,0.06150459870696068,0.7366361021995544
TCR_4_06,VVVGAVGVGK,A0301,CASSWQYNNEQFF,DGGITQSPKYLFRKEGQNVTLSCEQNLNHDAMYWYRQDPGQGLRLIYYSQIVNDFQKGDIAEGYSVSREKKESFPLTVTSAQKNPTAFYLCASSI,SYNEQFFGPGTRLTVL,,13,QKEVEQNSGPLSVPEGAIASLNCTYSDRGSQSFFWYRQYSGKSPELIMFIYSNGDKEDGRFTAQLNKASQYVSLLIRDSQPSDSATYLCAVN,NYGGSQGNLIFGKGTKLSVKP,CDR3alpha not modeled; V/J mined from training dataset,0.7188082933425903,0.7359665320388155,1.0,pattern_based,0.00038788706297054887,0.7149415016174316
TCR_4_07,VVVGAVGVGK,A0301,CASSFGPYNEQFF,DGGITQSPKYLFRKEGQNVTLSCEQNLNHDAMYWYRQDPGQGLRLIYYSQIVNDFQKGDIAEGYSVSREKKESFPLTVTSAQKNPTAFYLCASSI,SYNEQFFGPGTRLTVL,,13,QKEVEQNSGPLSVPEGAIASLNCTYSDRGSQSFFWYRQYSGKSPELIMFIYSNGDKEDGRFTAQLNKASQYVSLLIRDSQPSDSATYLCAVN,NYGGSQGNLIFGKGTKLSVKP,CDR3alpha not modeled; V/J mined from training dataset,0.704617440700531,0.7254592845282176,1.0,pattern_based,0.7401219010353088,0.7453739047050476
TCR_4_08,VVVGAVGVGK,A0301,CASSYLAKGELFF,DGGITQSPKYLFRKEGQNVTLSCEQNLNHDAMYWYRQDPGQGLRLIYYSQIVNDFQKGDIAEGYSVSREKKESFPLTVTSAQKNPTAFYLCASSI,NTGELFFGEGSRLTVL,,13,QKEVEQNSGPLSVPEGAIASLNCTYSDRGSQSFFWYRQYSGKSPELIMFIYSNGDKEDGRFTAQLNKASQYVSLLIRDSQPSDSATYLCAVN,NYGGSQGNLIFGKGTKLSVKP,CDR3alpha not modeled; V/J mined from training dataset,0.7624167799949646,0.7158028849481025,1.0,pattern_based,0.6129084825515747,0.7875034213066101
TCR_4_09,VVVGAVGVGK,A0301,CATSETTKYEQYF,DAMVIQNPRYQVTQFGKPVTLSCSQTLNHNVMYWYQQKSSQAPKLLFHYYDKDFNNEADTPDNFQSRRPNTSFCFLDIRSPGLGDTAMYLCATSR,SYEQYFGPGTRLTVT,,13,QKEVEQNSGPLSVPEGAIASLNCTYSDRGSQSFFWYRQYSGKSPELIMFIYSNGDKEDGRFTAQLNKASQYVSLLIRDSQPSDSATYLCAVN,NYGGSQGNLIFGKGTKLSVKP,CDR3alpha not modeled; V/J mined from training dataset,0.6894023418426514,0.704847414630227,1.0,pattern_based,1.238160252571106,0.6854348182678223
TCR_4_10,VVVGAVGVGK,A0301,CASSWRHENTEAFF,DGGITQSPKYLFRKEGQNVTLSCEQNLNHDAMYWYRQDPGQGLRLIYYSQIVNDFQKGDIAEGYSVSREKKESFPLTVTSAQKNPTAFYLCASSI,NTEAFFGQGTRLTVV,,14,QKEVEQNSGPLSVPEGAIASLNCTYSDRGSQSFFWYRQYSGKSPELIMFIYSNGDKEDGRFTAQLNKASQYVSLLIRDSQPSDSATYLCAVN,NYGGSQGNLIFGKGTKLSVKP,CDR3alpha not modeled; V/J mined from training dataset,0.7076130509376526,0.7037030237373292,1.0,pattern_based,3.8222270011901855,0.7569481134414673
TCR_5_01,SLLQHLIGL,A0201,CASSQRDTQYF,DGGITQSPKYLFRKEGQNVTLSCEQNLNHDAMYWYRQDPGQGLRLIYYSQIVNDFQKGDIAEGYSVSREKKESFPLTVTSAQKNPTAFYLCASSI,STDTQYFGPGTRLTVL,,11,QKEVEQNSGPLSVPEGAIASLNCTYSDRGSQSFFWYRQYSGKSPELIMFIYSNGDKEDGRFTAQLNKASQYVSLLIRDSQPSDSATYLCAVN,NYGGSQGNLIFGKGTKLSVKP,CDR3alpha not modeled; V/J mined from training dataset,0.7780452370643616,0.8277290099223459,1.0,pattern_based,1.308867335319519,0.8439253568649292
TCR_5_02,SLLQHLIGL,A0201,CASSDETQYF,DGGITQSPKYLFRKEGQNVTLSCEQNLNHDAMYWYRQDPGQGLRLIYYSQIVNDFQKGDIAEGYSVSREKKESFPLTVTSAQKNPTAFYLCASSI,QETQYFGPGTRLLVL,,10,QKEVEQNSGPLSVPEGAIASLNCTYSDRGSQSFFWYRQYSGKSPELIMFIYSNGDKEDGRFTAQLNKASQYVSLLIRDSQPSDSATYLCAVN,NYGGSQGNLIFGKGTKLSVKP,CDR3alpha not modeled; V/J mined from training dataset,0.7073266506195068,0.8255683188419514,1.0,pattern_based,0.09457705914974213,0.7644136548042297
TCR_5_03,SLLQHLIGL,A0201,CASRQINWNTIYF,EAQVTQNPRYLITVTGKKLTVTCSQNMNHEYMSWYRQDPGLGLRQIYYSMNVEVTDKGDVPEGYKVSRKEKRNFPLILESPSPNQTSLYFCASSL,SGNTIYFGEGSWLTVV,,13,QKEVEQNSGPLSVPEGAIASLNCTYSDRGSQSFFWYRQYSGKSPELIMFIYSNGDKEDGRFTAQLNKASQYVSLLIRDSQPSDSATYLCAVN,NYGGSQGNLIFGKGTKLSVKP,CDR3alpha not modeled; V/J mined from training dataset,0.7616671323776245,0.8189697908283979,1.0,pattern_based,1.4218223094940186,0.7283073663711548
TCR_5_04,SLLQHLIGL,A0201,CASSQVHKETQYF,DGGITQSPKYLFRKEGQNVTLSCEQNLNHDAMYWYRQDPGQGLRLIYYSQIVNDFQKGDIAEGYSVSREKKESFPLTVTSAQKNPTAFYLCASSI,QETQYFGPGTRLLVL,,13,QKEVEQNSGPLSVPEGAIASLNCTYSDRGSQSFFWYRQYSGKSPELIMFIYSNGDKEDGRFTAQLNKASQYVSLLIRDSQPSDSATYLCAVN,NYGGSQGNLIFGKGTKLSVKP,CDR3alpha not modeled; V/J mined from training dataset,0.7039489150047302,0.8109468546093304,1.0,pattern_based,1.0495847463607788,0.7639845609664917
TCR_5_05,SLLQHLIGL,A0201,CASSWPFVNETQYF,DGGITQSPKYLFRKEGQNVTLSCEQNLNHDAMYWYRQDPGQGLRLIYYSQIVNDFQKGDIAEGYSVSREKKESFPLTVTSAQKNPTAFYLCASSI,QETQYFGPGTRLLVL,,14,QKEVEQNSGPLSVPEGAIASLNCTYSDRGSQSFFWYRQYSGKSPELIMFIYSNGDKEDGRFTAQLNKASQYVSLLIRDSQPSDSATYLCAVN,NYGGSQGNLIFGKGTKLSVKP,CDR3alpha not modeled; V/J mined from training dataset,0.7034445405006409,0.764794716686886,1.0,pattern_based,3.024595260620117,0.7493008375167847
TCR_5_06,SLLQHLIGL,A0201,CASSQKNEQYF,DGGITQSPKYLFRKEGQNVTLSCEQNLNHDAMYWYRQDPGQGLRLIYYSQIVNDFQKGDIAEGYSVSREKKESFPLTVTSAQKNPTAFYLCASSI,SYEQYFGPGTRLTVT,,11,QKEVEQNSGPLSVPEGAIASLNCTYSDRGSQSFFWYRQYSGKSPELIMFIYSNGDKEDGRFTAQLNKASQYVSLLIRDSQPSDSATYLCAVN,NYGGSQGNLIFGKGTKLSVKP,CDR3alpha not modeled; V/J mined from training dataset,0.6879639625549316,0.7578171518777856,1.0,pattern_based,0.0109970448538661,0.7639904022216797
TCR_5_07,SLLQHLIGL,A0201,CASSYPDGELFF,DGGITQSPKYLFRKEGQNVTLSCEQNLNHDAMYWYRQDPGQGLRLIYYSQIVNDFQKGDIAEGYSVSREKKESFPLTVTSAQKNPTAFYLCASSI,NTGELFFGEGSRLTVL,,12,QKEVEQNSGPLSVPEGAIASLNCTYSDRGSQSFFWYRQYSGKSPELIMFIYSNGDKEDGRFTAQLNKASQYVSLLIRDSQPSDSATYLCAVN,NYGGSQGNLIFGKGTKLSVKP,CDR3alpha not modeled; V/J mined from training dataset,0.7426521182060242,0.7430148181870171,1.0,pattern_based,3.0645461082458496,0.7912795543670654
TCR_5_08,SLLQHLIGL,A0201,CATSRIRYEQYF,DAMVIQNPRYQVTQFGKPVTLSCSQTLNHNVMYWYQQKSSQAPKLLFHYYDKDFNNEADTPDNFQSRRPNTSFCFLDIRSPGLGDTAMYLCATSR,SYEQYFGPGTRLTVT,,12,QKEVEQNSGPLSVPEGAIASLNCTYSDRGSQSFFWYRQYSGKSPELIMFIYSNGDKEDGRFTAQLNKASQYVSLLIRDSQPSDSATYLCAVN,NYGGSQGNLIFGKGTKLSVKP,CDR3alpha not modeled; V/J mined from training dataset,0.6501213312149048,0.710594638091056,1.0,pattern_based,1.5206273794174194,0.6547768115997314
TCR_5_09,SLLQHLIGL,A0201,CASTEEHHQPQHF,DGGITQSPKYLFRKEGQNVTLSCEQNLNHDAMYWYRQDPGQGLRLIYYSQIVNDFQKGDIAEGYSVSREKKESFPLTVTSAQKNPTAFYLCASSI,SNQPQHFGDGTRLSIL,,13,QKEVEQNSGPLSVPEGAIASLNCTYSDRGSQSFFWYRQYSGKSPELIMFIYSNGDKEDGRFTAQLNKASQYVSLLIRDSQPSDSATYLCAVN,NYGGSQGNLIFGKGTKLSVKP,CDR3alpha not modeled; V/J mined from training dataset,0.7421380877494812,0.6911909026395134,1.0,pattern_based,2.2651147842407227,0.7663449048995972
TCR_5_10,SLLQHLIGL,A0201,CASSYHYHQPQHF,DGGITQSPKYLFRKEGQNVTLSCEQNLNHDAMYWYRQDPGQGLRLIYYSQIVNDFQKGDIAEGYSVSREKKESFPLTVTSAQKNPTAFYLCASSI,SNQPQHFGDGTRLSIL,,13,QKEVEQNSGPLSVPEGAIASLNCTYSDRGSQSFFWYRQYSGKSPELIMFIYSNGDKEDGRFTAQLNKASQYVSLLIRDSQPSDSATYLCAVN,NYGGSQGNLIFGKGTKLSVKP,CDR3alpha not modeled; V/J mined from training dataset,0.7637826800346375,0.6782655696105616,1.0,pattern_based,0.006217941641807556,0.7739613652229309
TCR_6_01,SLLQHLIGL,A2402,CASSKHNEQFF,DGGITQSPKYLFRKEGQNVTLSCEQNLNHDAMYWYRQDPGQGLRLIYYSQIVNDFQKGDIAEGYSVSREKKESFPLTVTSAQKNPTAFYLCASSI,SYNEQFFGPGTRLTVL,,11,QKEVEQNSGPLSVPEGAIASLNCTYSDRGSQSFFWYRQYSGKSPELIMFIYSNGDKEDGRFTAQLNKASQYVSLLIRDSQPSDSATYLCAVN,NYGGSQGNLIFGKGTKLSVKP,CDR3alpha not modeled; V/J mined from training dataset,0.7504668235778809,0.8410179529230482,1.0,pattern_based,5.146668910980225,0.7733394503593445
TCR_6_02,SLLQHLIGL,A2402,CASSYYDNEQFF,DGGITQSPKYLFRKEGQNVTLSCEQNLNHDAMYWYRQDPGQGLRLIYYSQIVNDFQKGDIAEGYSVSREKKESFPLTVTSAQKNPTAFYLCASSI,SYNEQFFGPGTRLTVL,,12,QKEVEQNSGPLSVPEGAIASLNCTYSDRGSQSFFWYRQYSGKSPELIMFIYSNGDKEDGRFTAQLNKASQYVSLLIRDSQPSDSATYLCAVN,NYGGSQGNLIFGKGTKLSVKP,CDR3alpha not modeled; V/J mined from training dataset,0.7428215742111206,0.7816671601361447,1.0,pattern_based,0.003323851153254509,0.7378630638122559
TCR_6_03,SLLQHLIGL,A2402,CASSQTPDYEQYF,DGGITQSPKYLFRKEGQNVTLSCEQNLNHDAMYWYRQDPGQGLRLIYYSQIVNDFQKGDIAEGYSVSREKKESFPLTVTSAQKNPTAFYLCASSI,SYEQYFGPGTRLTVT,,13,QKEVEQNSGPLSVPEGAIASLNCTYSDRGSQSFFWYRQYSGKSPELIMFIYSNGDKEDGRFTAQLNKASQYVSLLIRDSQPSDSATYLCAVN,NYGGSQGNLIFGKGTKLSVKP,CDR3alpha not modeled; V/J mined from training dataset,0.7153679132461548,0.7787670696015173,1.0,pattern_based,0.5251852869987488,0.7394586205482483
TCR_6_04,SLLQHLIGL,A2402,CASSWKEHNEQFF,DGGITQSPKYLFRKEGQNVTLSCEQNLNHDAMYWYRQDPGQGLRLIYYSQIVNDFQKGDIAEGYSVSREKKESFPLTVTSAQKNPTAFYLCASSI,SYNEQFFGPGTRLTVL,,13,QKEVEQNSGPLSVPEGAIASLNCTYSDRGSQSFFWYRQYSGKSPELIMFIYSNGDKEDGRFTAQLNKASQYVSLLIRDSQPSDSATYLCAVN,NYGGSQGNLIFGKGTKLSVKP,CDR3alpha not modeled; V/J mined from training dataset,0.6884599924087524,0.7429485401535232,1.0,pattern_based,1.3012598752975464,0.704789936542511
TCR_6_05,SLLQHLIGL,A2402,CASSENEQFF,DGGITQSPKYLFRKEGQNVTLSCEQNLNHDAMYWYRQDPGQGLRLIYYSQIVNDFQKGDIAEGYSVSREKKESFPLTVTSAQKNPTAFYLCASSI,SYNEQFFGPGTRLTVL,,10,QKEVEQNSGPLSVPEGAIASLNCTYSDRGSQSFFWYRQYSGKSPELIMFIYSNGDKEDGRFTAQLNKASQYVSLLIRDSQPSDSATYLCAVN,NYGGSQGNLIFGKGTKLSVKP,CDR3alpha not modeled; V/J mined from training dataset,0.7067272067070007,0.7420202903500728,1.0,pattern_based,0.07610442489385605,0.7266908884048462
TCR_6_06,SLLQHLIGL,A2402,CASSWSDDTQYF,DGGITQSPKYLFRKEGQNVTLSCEQNLNHDAMYWYRQDPGQGLRLIYYSQIVNDFQKGDIAEGYSVSREKKESFPLTVTSAQKNPTAFYLCASSI,STDTQYFGPGTRLTVL,,12,QKEVEQNSGPLSVPEGAIASLNCTYSDRGSQSFFWYRQYSGKSPELIMFIYSNGDKEDGRFTAQLNKASQYVSLLIRDSQPSDSATYLCAVN,NYGGSQGNLIFGKGTKLSVKP,CDR3alpha not modeled; V/J mined from training dataset,0.7423505783081055,0.7393572652287793,1.0,pattern_based,5.542132377624512,0.8301833868026733
TCR_6_07,SLLQHLIGL,A2402,CASSDEDNYEQYF,DGGITQSPKYLFRKEGQNVTLSCEQNLNHDAMYWYRQDPGQGLRLIYYSQIVNDFQKGDIAEGYSVSREKKESFPLTVTSAQKNPTAFYLCASSI,SYEQYFGPGTRLTVT,,13,QKEVEQNSGPLSVPEGAIASLNCTYSDRGSQSFFWYRQYSGKSPELIMFIYSNGDKEDGRFTAQLNKASQYVSLLIRDSQPSDSATYLCAVN,NYGGSQGNLIFGKGTKLSVKP,CDR3alpha not modeled; V/J mined from training dataset,0.7024042010307312,0.7329389711242509,1.0,pattern_based,1.0066372156143188,0.7249217629432678
TCR_6_08,SLLQHLIGL,A2402,CASSFNVYRNVLTF,DGGITQSPKYLFRKEGQNVTLSCEQNLNHDAMYWYRQDPGQGLRLIYYSQIVNDFQKGDIAEGYSVSREKKESFPLTVTSAQKNPTAFYLCASSI,SGANVLTFGAGSRLTVL,,14,QKEVEQNSGPLSVPEGAIASLNCTYSDRGSQSFFWYRQYSGKSPELIMFIYSNGDKEDGRFTAQLNKASQYVSLLIRDSQPSDSATYLCAVN,NYGGSQGNLIFGKGTKLSVKP,CDR3alpha not modeled; V/J mined from training dataset,0.724873423576355,0.7092139079221051,1.0,pattern_based,0.7699394226074219,0.6742770671844482
TCR_6_09,SLLQHLIGL,A2402,CASSWRQNRTEAFF,DGGITQSPKYLFRKEGQNVTLSCEQNLNHDAMYWYRQDPGQGLRLIYYSQIVNDFQKGDIAEGYSVSREKKESFPLTVTSAQKNPTAFYLCASSI,NTEAFFGQGTRLTVV,,14,QKEVEQNSGPLSVPEGAIASLNCTYSDRGSQSFFWYRQYSGKSPELIMFIYSNGDKEDGRFTAQLNKASQYVSLLIRDSQPSDSATYLCAVN,NYGGSQGNLIFGKGTKLSVKP,CDR3alpha not modeled; V/J mined from training dataset,0.6992704272270203,0.6925977244888846,1.0,pattern_based,1.5192224979400635,0.7825067043304443
TCR_6_10,SLLQHLIGL,A2402,CASSNRNKYGYTF,DGGITQSPKYLFRKEGQNVTLSCEQNLNHDAMYWYRQDPGQGLRLIYYSQIVNDFQKGDIAEGYSVSREKKESFPLTVTSAQKNPTAFYLCASSI,NYGYTFGSGTRLTVV,,13,QKEVEQNSGPLSVPEGAIASLNCTYSDRGSQSFFWYRQYSGKSPELIMFIYSNGDKEDGRFTAQLNKASQYVSLLIRDSQPSDSATYLCAVN,NYGGSQGNLIFGKGTKLSVKP,CDR3alpha not modeled; V/J mined from training dataset,0.6487528085708618,0.6900922476815516,1.0,pattern_based,2.9394381046295166,0.7003445625305176
TCR_7_01,LYVDSLFFL,A2402,CASSDHNEQYF,DGGITQSPKYLFRKEGQNVTLSCEQNLNHDAMYWYRQDPGQGLRLIYYSQIVNDFQKGDIAEGYSVSREKKESFPLTVTSAQKNPTAFYLCASSI,SYEQYFGPGTRLTVT,,11,QKEVEQNSGPLSVPEGAIASLNCTYSDRGSQSFFWYRQYSGKSPELIMFIYSNGDKEDGRFTAQLNKASQYVSLLIRDSQPSDSATYLCAVN,NYGGSQGNLIFGKGTKLSVKP,CDR3alpha not modeled; V/J mined from training dataset,0.7522838711738586,0.8795553440218438,1.0,pattern_based,1.7269022464752197,0.7962169647216797
TCR_7_02,LYVDSLFFL,A2402,CASSYETQYF,DGGITQSPKYLFRKEGQNVTLSCEQNLNHDAMYWYRQDPGQGLRLIYYSQIVNDFQKGDIAEGYSVSREKKESFPLTVTSAQKNPTAFYLCASSI,QETQYFGPGTRLLVL,,10,QKEVEQNSGPLSVPEGAIASLNCTYSDRGSQSFFWYRQYSGKSPELIMFIYSNGDKEDGRFTAQLNKASQYVSLLIRDSQPSDSATYLCAVN,NYGGSQGNLIFGKGTKLSVKP,CDR3alpha not modeled; V/J mined from training dataset,0.7563953399658203,0.8006083368678659,1.0,pattern_based,0.08842156827449799,0.7326866388320923
TCR_7_03,LYVDSLFFL,A2402,CASSWMVRNEQFF,DGGITQSPKYLFRKEGQNVTLSCEQNLNHDAMYWYRQDPGQGLRLIYYSQIVNDFQKGDIAEGYSVSREKKESFPLTVTSAQKNPTAFYLCASSI,SYNEQFFGPGTRLTVL,,13,QKEVEQNSGPLSVPEGAIASLNCTYSDRGSQSFFWYRQYSGKSPELIMFIYSNGDKEDGRFTAQLNKASQYVSLLIRDSQPSDSATYLCAVN,NYGGSQGNLIFGKGTKLSVKP,CDR3alpha not modeled; V/J mined from training dataset,0.663274347782135,0.7379940504952809,1.0,pattern_based,1.7436414957046509,0.7204246520996094
TCR_7_04,LYVDSLFFL,A2402,CATSNDQYGYTF,DAMVIQNPRYQVTQFGKPVTLSCSQTLNHNVMYWYQQKSSQAPKLLFHYYDKDFNNEADTPDNFQSRRPNTSFCFLDIRSPGLGDTAMYLCATSR,NYGYTFGSGTRLTVV,,12,QKEVEQNSGPLSVPEGAIASLNCTYSDRGSQSFFWYRQYSGKSPELIMFIYSNGDKEDGRFTAQLNKASQYVSLLIRDSQPSDSATYLCAVN,NYGGSQGNLIFGKGTKLSVKP,CDR3alpha not modeled; V/J mined from training dataset,0.6699835658073425,0.737034289038122,1.0,pattern_based,0.5921630263328552,0.632688581943512
TCR_7_05,LYVDSLFFL,A2402,CASSYYHDTQYF,DGGITQSPKYLFRKEGQNVTLSCEQNLNHDAMYWYRQDPGQGLRLIYYSQIVNDFQKGDIAEGYSVSREKKESFPLTVTSAQKNPTAFYLCASSI,STDTQYFGPGTRLTVL,,12,QKEVEQNSGPLSVPEGAIASLNCTYSDRGSQSFFWYRQYSGKSPELIMFIYSNGDKEDGRFTAQLNKASQYVSLLIRDSQPSDSATYLCAVN,NYGGSQGNLIFGKGTKLSVKP,CDR3alpha not modeled; V/J mined from training dataset,0.7804594039916992,0.7289573735906965,1.0,pattern_based,1.5108610391616821,0.7919151186943054
TCR_7_06,LYVDSLFFL,A2402,CASSHVADHNEQFF,DGGITQSPKYLFRKEGQNVTLSCEQNLNHDAMYWYRQDPGQGLRLIYYSQIVNDFQKGDIAEGYSVSREKKESFPLTVTSAQKNPTAFYLCASSI,SYNEQFFGPGTRLTVL,,14,QKEVEQNSGPLSVPEGAIASLNCTYSDRGSQSFFWYRQYSGKSPELIMFIYSNGDKEDGRFTAQLNKASQYVSLLIRDSQPSDSATYLCAVN,NYGGSQGNLIFGKGTKLSVKP,CDR3alpha not modeled; V/J mined from training dataset,0.6630529761314392,0.7083590309844052,1.0,pattern_based,2.1674997806549072,0.7076780796051025
TCR_7_07,LYVDSLFFL,A2402,ASSPKNEQFF,NAGVMQNPRHLVRRRGQEARLRCSPMKGHSHVYWYRQLPEEGLKFMVYLQKENIIDESGMPKERFSAEFPKEGPSILRIQQVVRGDSAAYFCASSP,SYNEQFFGPGTRLTVL,,10,QKEVEQNSGPLSVPEGAIASLNCTYSDRGSQSFFWYRQYSGKSPELIMFIYSNGDKEDGRFTAQLNKASQYVSLLIRDSQPSDSATYLCAVN,NYGGSQGNLIFGKGTKLSVKP,CDR3alpha not modeled; V/J mined from training dataset,0.6873269081115723,0.6831191745161858,0.755,pattern_based,0.1778254210948944,0.6732230186462402
TCR_7_08,LYVDSLFFL,A2402,CASSWNAKDRTEAFF,DGGITQSPKYLFRKEGQNVTLSCEQNLNHDAMYWYRQDPGQGLRLIYYSQIVNDFQKGDIAEGYSVSREKKESFPLTVTSAQKNPTAFYLCASSI,NTEAFFGQGTRLTVV,,15,QKEVEQNSGPLSVPEGAIASLNCTYSDRGSQSFFWYRQYSGKSPELIMFIYSNGDKEDGRFTAQLNKASQYVSLLIRDSQPSDSATYLCAVN,NYGGSQGNLIFGKGTKLSVKP,CDR3alpha not modeled; V/J mined from training dataset,0.6852407455444336,0.6767271778864629,1.0,pattern_based,,
TCR_7_09,LYVDSLFFL,A2402,CASSFGELFF,DGGITQSPKYLFRKEGQNVTLSCEQNLNHDAMYWYRQDPGQGLRLIYYSQIVNDFQKGDIAEGYSVSREKKESFPLTVTSAQKNPTAFYLCASSI,NTGELFFGEGSRLTVL,,10,QKEVEQNSGPLSVPEGAIASLNCTYSDRGSQSFFWYRQYSGKSPELIMFIYSNGDKEDGRFTAQLNKASQYVSLLIRDSQPSDSATYLCAVN,NYGGSQGNLIFGKGTKLSVKP,CDR3alpha not modeled; V/J mined from training dataset,0.7800696492195129,0.676227828210006,1.0,pattern_based,,
TCR_7_10,LYVDSLFFL,A2402,CASSHDSGQNEQFF,DGGITQSPKYLFRKEGQNVTLSCEQNLNHDAMYWYRQDPGQGLRLIYYSQIVNDFQKGDIAEGYSVSREKKESFPLTVTSAQKNPTAFYLCASSI,SYNEQFFGPGTRLTVL,,14,QKEVEQNSGPLSVPEGAIASLNCTYSDRGSQSFFWYRQYSGKSPELIMFIYSNGDKEDGRFTAQLNKASQYVSLLIRDSQPSDSATYLCAVN,NYGGSQGNLIFGKGTKLSVKP,CDR3alpha not modeled; V/J mined from training dataset,0.6731118559837341,0.6735926688949929,1.0,pattern_based,,
TCR_8_01,ASSYISPEK,A1101,CASSQMADKETQYF,DGGITQSPKYLFRKEGQNVTLSCEQNLNHDAMYWYRQDPGQGLRLIYYSQIVNDFQKGDIAEGYSVSREKKESFPLTVTSAQKNPTAFYLCASSI,QETQYFGPGTRLLVL,,14,QKEVEQNSGPLSVPEGAIASLNCTYSDRGSQSFFWYRQYSGKSPELIMFIYSNGDKEDGRFTAQLNKASQYVSLLIRDSQPSDSATYLCAVN,NYGGSQGNLIFGKGTKLSVKP,CDR3alpha not modeled; V/J mined from training dataset,0.6989858150482178,0.7854697558365855,1.0,pattern_based,,
TCR_8_02,ASSYISPEK,A1101,CASTFHYNEQF,DGGITQSPKYLFRKEGQNVTLSCEQNLNHDAMYWYRQDPGQGLRLIYYSQIVNDFQKGDIAEGYSVSREKKESFPLTVTSAQKNPTAFYLCASSI,SYNEQFFGPGTRLTVL,,11,QKEVEQNSGPLSVPEGAIASLNCTYSDRGSQSFFWYRQYSGKSPELIMFIYSNGDKEDGRFTAQLNKASQYVSLLIRDSQPSDSATYLCAVN,NYGGSQGNLIFGKGTKLSVKP,CDR3alpha not modeled; V/J mined from training dataset,0.7242127656936646,0.7832970170905844,1.0,pattern_based,,
TCR_8_03,ASSYISPEK,A1101,CASSHFKYEQYF,DGGITQSPKYLFRKEGQNVTLSCEQNLNHDAMYWYRQDPGQGLRLIYYSQIVNDFQKGDIAEGYSVSREKKESFPLTVTSAQKNPTAFYLCASSI,SYEQYFGPGTRLTVT,,12,QKEVEQNSGPLSVPEGAIASLNCTYSDRGSQSFFWYRQYSGKSPELIMFIYSNGDKEDGRFTAQLNKASQYVSLLIRDSQPSDSATYLCAVN,NYGGSQGNLIFGKGTKLSVKP,CDR3alpha not modeled; V/J mined from training dataset,0.7352222204208374,0.7715512660405806,1.0,pattern_based,,
TCR_8_04,ASSYISPEK,A1101,CASSQYEQYF,DGGITQSPKYLFRKEGQNVTLSCEQNLNHDAMYWYRQDPGQGLRLIYYSQIVNDFQKGDIAEGYSVSREKKESFPLTVTSAQKNPTAFYLCASSI,SYEQYFGPGTRLTVT,,10,QKEVEQNSGPLSVPEGAIASLNCTYSDRGSQSFFWYRQYSGKSPELIMFIYSNGDKEDGRFTAQLNKASQYVSLLIRDSQPSDSATYLCAVN,NYGGSQGNLIFGKGTKLSVKP,CDR3alpha not modeled; V/J mined from training dataset,0.7421886324882507,0.7647734233385565,1.0,pattern_based,,
TCR_8_05,ASSYISPEK,A1101,CASSQYNEQFF,DGGITQSPKYLFRKEGQNVTLSCEQNLNHDAMYWYRQDPGQGLRLIYYSQIVNDFQKGDIAEGYSVSREKKESFPLTVTSAQKNPTAFYLCASSI,SYNEQFFGPGTRLTVL,,11,QKEVEQNSGPLSVPEGAIASLNCTYSDRGSQSFFWYRQYSGKSPELIMFIYSNGDKEDGRFTAQLNKASQYVSLLIRDSQPSDSATYLCAVN,NYGGSQGNLIFGKGTKLSVKP,CDR3alpha not modeled; V/J mined from training dataset,0.7203165292739868,0.7558732851045112,1.0,pattern_based,,
TCR_8_06,ASSYISPEK,A1101,CASSEMQNEQFF,DGGITQSPKYLFRKEGQNVTLSCEQNLNHDAMYWYRQDPGQGLRLIYYSQIVNDFQKGDIAEGYSVSREKKESFPLTVTSAQKNPTAFYLCASSI,SYNEQFFGPGTRLTVL,,12,QKEVEQNSGPLSVPEGAIASLNCTYSDRGSQSFFWYRQYSGKSPELIMFIYSNGDKEDGRFTAQLNKASQYVSLLIRDSQPSDSATYLCAVN,NYGGSQGNLIFGKGTKLSVKP,CDR3alpha not modeled; V/J mined from training dataset,0.700653076171875,0.7343374304519704,1.0,pattern_based,,
TCR_8_07,ASSYISPEK,A1101,CASSFENEQFF,DGGITQSPKYLFRKEGQNVTLSCEQNLNHDAMYWYRQDPGQGLRLIYYSQIVNDFQKGDIAEGYSVSREKKESFPLTVTSAQKNPTAFYLCASSI,SYNEQFFGPGTRLTVL,,11,QKEVEQNSGPLSVPEGAIASLNCTYSDRGSQSFFWYRQYSGKSPELIMFIYSNGDKEDGRFTAQLNKASQYVSLLIRDSQPSDSATYLCAVN,NYGGSQGNLIFGKGTKLSVKP,CDR3alpha not modeled; V/J mined from training dataset,0.7370427846908569,0.7283870974809902,1.0,pattern_based,,
TCR_8_08,ASSYISPEK,A1101,CASSKNEQFF,DGGITQSPKYLFRKEGQNVTLSCEQNLNHDAMYWYRQDPGQGLRLIYYSQIVNDFQKGDIAEGYSVSREKKESFPLTVTSAQKNPTAFYLCASSI,SYNEQFFGPGTRLTVL,,10,QKEVEQNSGPLSVPEGAIASLNCTYSDRGSQSFFWYRQYSGKSPELIMFIYSNGDKEDGRFTAQLNKASQYVSLLIRDSQPSDSATYLCAVN,NYGGSQGNLIFGKGTKLSVKP,CDR3alpha not modeled; V/J mined from training dataset,0.654995858669281,0.7145330478808809,1.0,pattern_based,,
TCR_8_09,ASSYISPEK,A1101,CASSDKNEQFF,DGGITQSPKYLFRKEGQNVTLSCEQNLNHDAMYWYRQDPGQGLRLIYYSQIVNDFQKGDIAEGYSVSREKKESFPLTVTSAQKNPTAFYLCASSI,SYNEQFFGPGTRLTVL,,11,QKEVEQNSGPLSVPEGAIASLNCTYSDRGSQSFFWYRQYSGKSPELIMFIYSNGDKEDGRFTAQLNKASQYVSLLIRDSQPSDSATYLCAVN,NYGGSQGNLIFGKGTKLSVKP,CDR3alpha not modeled; V/J mined from training dataset,0.6540891528129578,0.712724635156779,1.0,pattern_based,,
TCR_8_10,ASSYISPEK,A1101,CASSWYDYEQYF,DGGITQSPKYLFRKEGQNVTLSCEQNLNHDAMYWYRQDPGQGLRLIYYSQIVNDFQKGDIAEGYSVSREKKESFPLTVTSAQKNPTAFYLCASSI,SYEQYFGPGTRLTVT,,12,QKEVEQNSGPLSVPEGAIASLNCTYSDRGSQSFFWYRQYSGKSPELIMFIYSNGDKEDGRFTAQLNKASQYVSLLIRDSQPSDSATYLCAVN,NYGGSQGNLIFGKGTKLSVKP,CDR3alpha not modeled; V/J mined from training dataset,0.6962354183197021,0.6872186321507353,1.0,pattern_based,,
TCR_9_01,SALQSLLQH,A1101,CASSNWYEQYF,DGGITQSPKYLFRKEGQNVTLSCEQNLNHDAMYWYRQDPGQGLRLIYYSQIVNDFQKGDIAEGYSVSREKKESFPLTVTSAQKNPTAFYLCASSI,SYEQYFGPGTRLTVT,,11,QKEVEQNSGPLSVPEGAIASLNCTYSDRGSQSFFWYRQYSGKSPELIMFIYSNGDKEDGRFTAQLNKASQYVSLLIRDSQPSDSATYLCAVN,NYGGSQGNLIFGKGTKLSVKP,CDR3alpha not modeled; V/J mined from training dataset,0.7360248565673828,0.7906735241640367,1.0,pattern_based,,
TCR_9_02,SALQSLLQH,A1101,CASSRVDQPQHF,DGGITQSPKYLFRKEGQNVTLSCEQNLNHDAMYWYRQDPGQGLRLIYYSQIVNDFQKGDIAEGYSVSREKKESFPLTVTSAQKNPTAFYLCASSI,SNQPQHFGDGTRLSIL,,12,QKEVEQNSGPLSVPEGAIASLNCTYSDRGSQSFFWYRQYSGKSPELIMFIYSNGDKEDGRFTAQLNKASQYVSLLIRDSQPSDSATYLCAVN,NYGGSQGNLIFGKGTKLSVKP,CDR3alpha not modeled; V/J mined from training dataset,0.7014724612236023,0.7452517318544024,1.0,pattern_based,,
TCR_9_03,SALQSLLQH,A1101,CASSFQQPQHF,DGGITQSPKYLFRKEGQNVTLSCEQNLNHDAMYWYRQDPGQGLRLIYYSQIVNDFQKGDIAEGYSVSREKKESFPLTVTSAQKNPTAFYLCASSI,SNQPQHFGDGTRLSIL,,11,QKEVEQNSGPLSVPEGAIASLNCTYSDRGSQSFFWYRQYSGKSPELIMFIYSNGDKEDGRFTAQLNKASQYVSLLIRDSQPSDSATYLCAVN,NYGGSQGNLIFGKGTKLSVKP,CDR3alpha not modeled; V/J mined from training dataset,0.7707414031028748,0.7321364988392008,1.0,pattern_based,,
TCR_9_04,SALQSLLQH,A1101,CAISEDTQYF,DAGITQSPRHKVTETGTPVTLRCHQTENHRYMYWYRQDPGHGLRLIHYSYGVKDTDKGEVSDGYSVSRSKTEDFLLTLESATSSQTSVYFCAISE,STDTQYFGPGTRLTVL,,10,QKEVEQNSGPLSVPEGAIASLNCTYSDRGSQSFFWYRQYSGKSPELIMFIYSNGDKEDGRFTAQLNKASQYVSLLIRDSQPSDSATYLCAVN,NYGGSQGNLIFGKGTKLSVKP,CDR3alpha not modeled; V/J mined from training dataset,0.6719773411750793,0.7198880578678286,1.0,pattern_based,,
TCR_9_05,SALQSLLQH,A1101,CASSNKYGYTF,DGGITQSPKYLFRKEGQNVTLSCEQNLNHDAMYWYRQDPGQGLRLIYYSQIVNDFQKGDIAEGYSVSREKKESFPLTVTSAQKNPTAFYLCASSI,NYGYTFGSGTRLTVV,,11,QKEVEQNSGPLSVPEGAIASLNCTYSDRGSQSFFWYRQYSGKSPELIMFIYSNGDKEDGRFTAQLNKASQYVSLLIRDSQPSDSATYLCAVN,NYGGSQGNLIFGKGTKLSVKP,CDR3alpha not modeled; V/J mined from training dataset,0.6875302791595459,0.7150055986366345,1.0,pattern_based,,
TCR_9_06,SALQSLLQH,A1101,CASSYFWHGEQYF,DGGITQSPKYLFRKEGQNVTLSCEQNLNHDAMYWYRQDPGQGLRLIYYSQIVNDFQKGDIAEGYSVSREKKESFPLTVTSAQKNPTAFYLCASSI,SYEQYFGPGTRLTVT,,13,QKEVEQNSGPLSVPEGAIASLNCTYSDRGSQSFFWYRQYSGKSPELIMFIYSNGDKEDGRFTAQLNKASQYVSLLIRDSQPSDSATYLCAVN,NYGGSQGNLIFGKGTKLSVKP,CDR3alpha not modeled; V/J mined from training dataset,0.7245733141899109,0.7063813579544852,1.0,pattern_based,,
TCR_9_07,SALQSLLQH,A1101,CASSQGEHYEQYF,DGGITQSPKYLFRKEGQNVTLSCEQNLNHDAMYWYRQDPGQGLRLIYYSQIVNDFQKGDIAEGYSVSREKKESFPLTVTSAQKNPTAFYLCASSI,SYEQYFGPGTRLTVT,,13,QKEVEQNSGPLSVPEGAIASLNCTYSDRGSQSFFWYRQYSGKSPELIMFIYSNGDKEDGRFTAQLNKASQYVSLLIRDSQPSDSATYLCAVN,NYGGSQGNLIFGKGTKLSVKP,CDR3alpha not modeled; V/J mined from training dataset,0.6800954341888428,0.7032426141703572,1.0,pattern_based,,
TCR_9_08,SALQSLLQH,A1101,CASTDLMTRFQPQHF,DGGITQSPKYLFRKEGQNVTLSCEQNLNHDAMYWYRQDPGQGLRLIYYSQIVNDFQKGDIAEGYSVSREKKESFPLTVTSAQKNPTAFYLCASSI,SNQPQHFGDGTRLSIL,,15,QKEVEQNSGPLSVPEGAIASLNCTYSDRGSQSFFWYRQYSGKSPELIMFIYSNGDKEDGRFTAQLNKASQYVSLLIRDSQPSDSATYLCAVN,NYGGSQGNLIFGKGTKLSVKP,CDR3alpha not modeled; V/J mined from training dataset,0.6677758693695068,0.7020854787863352,1.0,pattern_based,,
TCR_9_09,SALQSLLQH,A1101,CATSEKEGELFF,DAMVIQNPRYQVTQFGKPVTLSCSQTLNHNVMYWYQQKSSQAPKLLFHYYDKDFNNEADTPDNFQSRRPNTSFCFLDIRSPGLGDTAMYLCATSR,NTGELFFGEGSRLTVL,,12,QKEVEQNSGPLSVPEGAIASLNCTYSDRGSQSFFWYRQYSGKSPELIMFIYSNGDKEDGRFTAQLNKASQYVSLLIRDSQPSDSATYLCAVN,NYGGSQGNLIFGKGTKLSVKP,CDR3alpha not modeled; V/J mined from training dataset,0.6930888891220093,0.6941586505350299,1.0,pattern_based,,
TCR_9_10,SALQSLLQH,A1101,CASSDVIWEWDTQYF,DGGITQSPKYLFRKEGQNVTLSCEQNLNHDAMYWYRQDPGQGLRLIYYSQIVNDFQKGDIAEGYSVSREKKESFPLTVTSAQKNPTAFYLCASSI,STDTQYFGPGTRLTVL,,15,QKEVEQNSGPLSVPEGAIASLNCTYSDRGSQSFFWYRQYSGKSPELIMFIYSNGDKEDGRFTAQLNKASQYVSLLIRDSQPSDSATYLCAVN,NYGGSQGNLIFGKGTKLSVKP,CDR3alpha not modeled; V/J mined from training dataset,0.6760242581367493,0.6804634561348475,1.0,pattern_based,,
